Workbook

Sheet Teams
A1: Team Names | C1: Team 1 | D1: Team 2 | E1: Team 3 | F1: Team 4 | G1: Team 5
A2: Schedule format | B2: dedicated-ref

Sheet Schedule Generator
B2: Team 1 | C2: Team 2 | D2: Team 3 | E2: Team 4 | F2: Team 5
A3: Team 1 | B3: - | C3: 15 | D3: 15 | E3: 15 | F3: 15
A4: Team 2 | B4: 15 | C4: - | D4: 15 | E4: 15 | F4: 15
A5: Team 3 | B5: 15 | C5: 15 | D5: - | E5: 15 | F5: 15
A6: Team 4 | B6: 15 | C6: 15 | D6: 15 | E6: - | F6: 15
A7: Team 5 | B7: 15 | C7: 15 | D7: 15 | E7: 15 | F7: -

Sheet League Standings
A1: LEAGUE STANDINGS
A2: Team Name | B2: Points For | C2: Points Against | D2: Point Differential
A3: =INDEX(A17:A21,MATCH(ROUND(LARGE(C17:C21,1),8),C17:C21,0)) | B3: =INDEX(B17:B21,MATCH(ROUND(LARGE(C17:C21,1),8),C17:C21,0)) | C3: =INDEX(E17:E21,MATCH(ROUND(LARGE(C17:C21,1),8),C17:C21,0)) | D3: =B3-C3
A4: =INDEX(A17:A21,MATCH(ROUND(LARGE(C17:C21,2),8),C17:C21,0)) | B4: =INDEX(B17:B21,MATCH(ROUND(LARGE(C17:C21,2),8),C17:C21,0)) | C4: =INDEX(E17:E21,MATCH(ROUND(LARGE(C17:C21,2),8),C17:C21,0)) | D4: =B4-C4
A5: =INDEX(A17:A21,MATCH(ROUND(LARGE(C17:C21,3),8),C17:C21,0)) | B5: =INDEX(B17:B21,MATCH(ROUND(LARGE(C17:C21,3),8),C17:C21,0)) | C5: =INDEX(E17:E21,MATCH(ROUND(LARGE(C17:C21,3),8),C17:C21,0)) | D5: =B5-C5
A6: =INDEX(A17:A21,MATCH(ROUND(LARGE(C17:C21,4),8),C17:C21,0)) | B6: =INDEX(B17:B21,MATCH(ROUND(LARGE(C17:C21,4),8),C17:C21,0)) | C6: =INDEX(E17:E21,MATCH(ROUND(LARGE(C17:C21,4),8),C17:C21,0)) | D6: =B6-C6
A7: =INDEX(A17:A21,MATCH(ROUND(LARGE(C17:C21,5),8),C17:C21,0)) | B7: =INDEX(B17:B21,MATCH(ROUND(LARGE(C17:C21,5),8),C17:C21,0)) | C7: =INDEX(E17:E21,MATCH(ROUND(LARGE(C17:C21,5),8),C17:C21,0)) | D7: =B7-C7
A11: Week # | B11: 0
A16: Teams | B16: Wins | E16: Losses
A17: Team 1 | B17: ='Week 1'!B30+'Week 2'!B30+'Week 3'!B30+'Week 4'!B30+'Week 5'!B30+'Week 6'!B30 | C17: =ROUND(B17+17/10000,8) | E17: ='Week 1'!C30+'Week 2'!C30+'Week 3'!C30+'Week 4'!C30+'Week 5'!C30+'Week 6'!C30
A18: Team 2 | B18: ='Week 1'!B31+'Week 2'!B31+'Week 3'!B31+'Week 4'!B31+'Week 5'!B31+'Week 6'!B31 | C18: =ROUND(B18+18/10000,8) | E18: ='Week 1'!C31+'Week 2'!C31+'Week 3'!C31+'Week 4'!C31+'Week 5'!C31+'Week 6'!C31
A19: Team 3 | B19: ='Week 1'!B32+'Week 2'!B32+'Week 3'!B32+'Week 4'!B32+'Week 5'!B32+'Week 6'!B32 | C19: =ROUND(B19+19/10000,8) | E19: ='Week 1'!C32+'Week 2'!C32+'Week 3'!C32+'Week 4'!C32+'Week 5'!C32+'Week 6'!C32
A20: Team 4 | B20: ='Week 1'!B33+'Week 2'!B33+'Week 3'!B33+'Week 4'!B33+'Week 5'!B33+'Week 6'!B33 | C20: =ROUND(B20+20/10000,8) | E20: ='Week 1'!C33+'Week 2'!C33+'Week 3'!C33+'Week 4'!C33+'Week 5'!C33+'Week 6'!C33
A21: Team 5 | B21: ='Week 1'!B34+'Week 2'!B34+'Week 3'!B34+'Week 4'!B34+'Week 5'!B34+'Week 6'!B34 | C21: =ROUND(B21+21/10000,8) | E21: ='Week 1'!C34+'Week 2'!C34+'Week 3'!C34+'Week 4'!C34+'Week 5'!C34+'Week 6'!C34
A24: Head-to-head wins (row vs column; higher score wins the game)
B25: Team 1 | C25: Team 2 | D25: Team 3 | E25: Team 4 | F25: Team 5
A26: Team 1 | B26: — | C26: =(SUMPRODUCT(--('Week 1'!$B$2:$B$500=$A26),--('Week 1'!$D$2:$D$500=$C$25),--('Week 1'!$C$2:$C$500>'Week 1'!$E$2:$E$500))+SUMPRODUCT(--('Week 1'!$B$2:$B$500=$C$25),--('Week 1'!$D$2:$D$500=$A26),--('Week 1'!$E$2:$E$500>'Week 1'!$C$2:$C$500)))+(SUMPRODUCT(--('Week 2'!$B$2:$B$500=$A26),--('Week 2'!$D$2:$D$500=$C$25),--('Week 2'!$C$2:$C$500>'Week 2'!$E$2:$E$500))+SUMPRODUCT(--('Week 2'!$B$2:$B$500=$C$25),--('Week 2'!$D$2:$D$500=$A26),--('Week 2'!$E$2:$E$500>'Week 2'!$C$2:$C$500)))+(SUMPRODUCT(--('Week 3'!$B$2:$B$500=$A26),--('Week 3'!$D$2:$D$500=$C$25),--('Week 3'!$C$2:$C$500>'Week 3'!$E$2:$E$500))+SUMPRODUCT(--('Week 3'!$B$2:$B$500=$C$25),--('Week 3'!$D$2:$D$500=$A26),--('Week 3'!$E$2:$E$500>'Week 3'!$C$2:$C$500)))+(SUMPRODUCT(--('Week 4'!$B$2:$B$500=$A26),--('Week 4'!$D$2:$D$500=$C$25),--('Week 4'!$C$2:$C$500>'Week 4'!$E$2:$E$500))+SUMPRODUCT(--('Week 4'!$B$2:$B$500=$C$25),--('Week 4'!$D$2:$D$500=$A26),--('Week 4'!$E$2:$E$500>'Week 4'!$C$2:$C$500)))+(SUMPRODUCT(--('Week 5'!$B$2:$B$500=$A26),--('Week 5'!$D$2:$D$500=$C$25),--('Week 5'!$C$2:$C$500>'Week 5'!$E$2:$E$500))+SUMPRODUCT(--('Week 5'!$B$2:$B$500=$C$25),--('Week 5'!$D$2:$D$500=$A26),--('Week 5'!$E$2:$E$500>'Week 5'!$C$2:$C$500)))+(SUMPRODUCT(--('Week 6'!$B$2:$B$500=$A26),--('Week 6'!$D$2:$D$500=$C$25),--('Week 6'!$C$2:$C$500>'Week 6'!$E$2:$E$500))+SUMPRODUCT(--('Week 6'!$B$2:$B$500=$C$25),--('Week 6'!$D$2:$D$500=$A26),--('Week 6'!$E$2:$E$500>'Week 6'!$C$2:$C$500))) | D26: =(SUMPRODUCT(--('Week 1'!$B$2:$B$500=$A26),--('Week 1'!$D$2:$D$500=$D$25),--('Week 1'!$C$2:$C$500>'Week 1'!$E$2:$E$500))+SUMPRODUCT(--('Week 1'!$B$2:$B$500=$D$25),--('Week 1'!$D$2:$D$500=$A26),--('Week 1'!$E$2:$E$500>'Week 1'!$C$2:$C$500)))+(SUMPRODUCT(--('Week 2'!$B$2:$B$500=$A26),--('Week 2'!$D$2:$D$500=$D$25),--('Week 2'!$C$2:$C$500>'Week 2'!$E$2:$E$500))+SUMPRODUCT(--('Week 2'!$B$2:$B$500=$D$25),--('Week 2'!$D$2:$D$500=$A26),--('Week 2'!$E$2:$E$500>'Week 2'!$C$2:$C$500)))+(SUMPRODUCT(--('Week 3'!$B$2:$B$500=$A26),--('Week 3'!$D$2:$D$500=$D$25),--('Week 3'!$C$2:$C$500>'Week 3'!$E$2:$E$500))+SUMPRODUCT(--('Week 3'!$B$2:$B$500=$D$25),--('Week 3'!$D$2:$D$500=$A26),--('Week 3'!$E$2:$E$500>'Week 3'!$C$2:$C$500)))+(SUMPRODUCT(--('Week 4'!$B$2:$B$500=$A26),--('Week 4'!$D$2:$D$500=$D$25),--('Week 4'!$C$2:$C$500>'Week 4'!$E$2:$E$500))+SUMPRODUCT(--('Week 4'!$B$2:$B$500=$D$25),--('Week 4'!$D$2:$D$500=$A26),--('Week 4'!$E$2:$E$500>'Week 4'!$C$2:$C$500)))+(SUMPRODUCT(--('Week 5'!$B$2:$B$500=$A26),--('Week 5'!$D$2:$D$500=$D$25),--('Week 5'!$C$2:$C$500>'Week 5'!$E$2:$E$500))+SUMPRODUCT(--('Week 5'!$B$2:$B$500=$D$25),--('Week 5'!$D$2:$D$500=$A26),--('Week 5'!$E$2:$E$500>'Week 5'!$C$2:$C$500)))+(SUMPRODUCT(--('Week 6'!$B$2:$B$500=$A26),--('Week 6'!$D$2:$D$500=$D$25),--('Week 6'!$C$2:$C$500>'Week 6'!$E$2:$E$500))+SUMPRODUCT(--('Week 6'!$B$2:$B$500=$D$25),--('Week 6'!$D$2:$D$500=$A26),--('Week 6'!$E$2:$E$500>'Week 6'!$C$2:$C$500))) | E26: =(SUMPRODUCT(--('Week 1'!$B$2:$B$500=$A26),--('Week 1'!$D$2:$D$500=$E$25),--('Week 1'!$C$2:$C$500>'Week 1'!$E$2:$E$500))+SUMPRODUCT(--('Week 1'!$B$2:$B$500=$E$25),--('Week 1'!$D$2:$D$500=$A26),--('Week 1'!$E$2:$E$500>'Week 1'!$C$2:$C$500)))+(SUMPRODUCT(--('Week 2'!$B$2:$B$500=$A26),--('Week 2'!$D$2:$D$500=$E$25),--('Week 2'!$C$2:$C$500>'Week 2'!$E$2:$E$500))+SUMPRODUCT(--('Week 2'!$B$2:$B$500=$E$25),--('Week 2'!$D$2:$D$500=$A26),--('Week 2'!$E$2:$E$500>'Week 2'!$C$2:$C$500)))+(SUMPRODUCT(--('Week 3'!$B$2:$B$500=$A26),--('Week 3'!$D$2:$D$500=$E$25),--('Week 3'!$C$2:$C$500>'Week 3'!$E$2:$E$500))+SUMPRODUCT(--('Week 3'!$B$2:$B$500=$E$25),--('Week 3'!$D$2:$D$500=$A26),--('Week 3'!$E$2:$E$500>'Week 3'!$C$2:$C$500)))+(SUMPRODUCT(--('Week 4'!$B$2:$B$500=$A26),--('Week 4'!$D$2:$D$500=$E$25),--('Week 4'!$C$2:$C$500>'Week 4'!$E$2:$E$500))+SUMPRODUCT(--('Week 4'!$B$2:$B$500=$E$25),--('Week 4'!$D$2:$D$500=$A26),--('Week 4'!$E$2:$E$500>'Week 4'!$C$2:$C$500)))+(SUMPRODUCT(--('Week 5'!$B$2:$B$500=$A26),--('Week 5'!$D$2:$D$500=$E$25),--('Week 5'!$C$2:$C$500>'Week 5'!$E$2:$E$500))+SUMPRODUCT(--('Week 5'!$B$2:$B$500=$E$25),--('Week 5'!$D$2:$D$500=$A26),--('Week 5'!$E$2:$E$500>'Week 5'!$C$2:$C$500)))+(SUMPRODUCT(--('Week 6'!$B$2:$B$500=$A26),--('Week 6'!$D$2:$D$500=$E$25),--('Week 6'!$C$2:$C$500>'Week 6'!$E$2:$E$500))+SUMPRODUCT(--('Week 6'!$B$2:$B$500=$E$25),--('Week 6'!$D$2:$D$500=$A26),--('Week 6'!$E$2:$E$500>'Week 6'!$C$2:$C$500))) | F26: =(SUMPRODUCT(--('Week 1'!$B$2:$B$500=$A26),--('Week 1'!$D$2:$D$500=$F$25),--('Week 1'!$C$2:$C$500>'Week 1'!$E$2:$E$500))+SUMPRODUCT(--('Week 1'!$B$2:$B$500=$F$25),--('Week 1'!$D$2:$D$500=$A26),--('Week 1'!$E$2:$E$500>'Week 1'!$C$2:$C$500)))+(SUMPRODUCT(--('Week 2'!$B$2:$B$500=$A26),--('Week 2'!$D$2:$D$500=$F$25),--('Week 2'!$C$2:$C$500>'Week 2'!$E$2:$E$500))+SUMPRODUCT(--('Week 2'!$B$2:$B$500=$F$25),--('Week 2'!$D$2:$D$500=$A26),--('Week 2'!$E$2:$E$500>'Week 2'!$C$2:$C$500)))+(SUMPRODUCT(--('Week 3'!$B$2:$B$500=$A26),--('Week 3'!$D$2:$D$500=$F$25),--('Week 3'!$C$2:$C$500>'Week 3'!$E$2:$E$500))+SUMPRODUCT(--('Week 3'!$B$2:$B$500=$F$25),--('Week 3'!$D$2:$D$500=$A26),--('Week 3'!$E$2:$E$500>'Week 3'!$C$2:$C$500)))+(SUMPRODUCT(--('Week 4'!$B$2:$B$500=$A26),--('Week 4'!$D$2:$D$500=$F$25),--('Week 4'!$C$2:$C$500>'Week 4'!$E$2:$E$500))+SUMPRODUCT(--('Week 4'!$B$2:$B$500=$F$25),--('Week 4'!$D$2:$D$500=$A26),--('Week 4'!$E$2:$E$500>'Week 4'!$C$2:$C$500)))+(SUMPRODUCT(--('Week 5'!$B$2:$B$500=$A26),--('Week 5'!$D$2:$D$500=$F$25),--('Week 5'!$C$2:$C$500>'Week 5'!$E$2:$E$500))+SUMPRODUCT(--('Week 5'!$B$2:$B$500=$F$25),--('Week 5'!$D$2:$D$500=$A26),--('Week 5'!$E$2:$E$500>'Week 5'!$C$2:$C$500)))+(SUMPRODUCT(--('Week 6'!$B$2:$B$500=$A26),--('Week 6'!$D$2:$D$500=$F$25),--('Week 6'!$C$2:$C$500>'Week 6'!$E$2:$E$500))+SUMPRODUCT(--('Week 6'!$B$2:$B$500=$F$25),--('Week 6'!$D$2:$D$500=$A26),--('Week 6'!$E$2:$E$500>'Week 6'!$C$2:$C$500)))
A27: Team 2 | B27: =(SUMPRODUCT(--('Week 1'!$B$2:$B$500=$A27),--('Week 1'!$D$2:$D$500=$B$25),--('Week 1'!$C$2:$C$500>'Week 1'!$E$2:$E$500))+SUMPRODUCT(--('Week 1'!$B$2:$B$500=$B$25),--('Week 1'!$D$2:$D$500=$A27),--('Week 1'!$E$2:$E$500>'Week 1'!$C$2:$C$500)))+(SUMPRODUCT(--('Week 2'!$B$2:$B$500=$A27),--('Week 2'!$D$2:$D$500=$B$25),--('Week 2'!$C$2:$C$500>'Week 2'!$E$2:$E$500))+SUMPRODUCT(--('Week 2'!$B$2:$B$500=$B$25),--('Week 2'!$D$2:$D$500=$A27),--('Week 2'!$E$2:$E$500>'Week 2'!$C$2:$C$500)))+(SUMPRODUCT(--('Week 3'!$B$2:$B$500=$A27),--('Week 3'!$D$2:$D$500=$B$25),--('Week 3'!$C$2:$C$500>'Week 3'!$E$2:$E$500))+SUMPRODUCT(--('Week 3'!$B$2:$B$500=$B$25),--('Week 3'!$D$2:$D$500=$A27),--('Week 3'!$E$2:$E$500>'Week 3'!$C$2:$C$500)))+(SUMPRODUCT(--('Week 4'!$B$2:$B$500=$A27),--('Week 4'!$D$2:$D$500=$B$25),--('Week 4'!$C$2:$C$500>'Week 4'!$E$2:$E$500))+SUMPRODUCT(--('Week 4'!$B$2:$B$500=$B$25),--('Week 4'!$D$2:$D$500=$A27),--('Week 4'!$E$2:$E$500>'Week 4'!$C$2:$C$500)))+(SUMPRODUCT(--('Week 5'!$B$2:$B$500=$A27),--('Week 5'!$D$2:$D$500=$B$25),--('Week 5'!$C$2:$C$500>'Week 5'!$E$2:$E$500))+SUMPRODUCT(--('Week 5'!$B$2:$B$500=$B$25),--('Week 5'!$D$2:$D$500=$A27),--('Week 5'!$E$2:$E$500>'Week 5'!$C$2:$C$500)))+(SUMPRODUCT(--('Week 6'!$B$2:$B$500=$A27),--('Week 6'!$D$2:$D$500=$B$25),--('Week 6'!$C$2:$C$500>'Week 6'!$E$2:$E$500))+SUMPRODUCT(--('Week 6'!$B$2:$B$500=$B$25),--('Week 6'!$D$2:$D$500=$A27),--('Week 6'!$E$2:$E$500>'Week 6'!$C$2:$C$500))) | C27: — | D27: =(SUMPRODUCT(--('Week 1'!$B$2:$B$500=$A27),--('Week 1'!$D$2:$D$500=$D$25),--('Week 1'!$C$2:$C$500>'Week 1'!$E$2:$E$500))+SUMPRODUCT(--('Week 1'!$B$2:$B$500=$D$25),--('Week 1'!$D$2:$D$500=$A27),--('Week 1'!$E$2:$E$500>'Week 1'!$C$2:$C$500)))+(SUMPRODUCT(--('Week 2'!$B$2:$B$500=$A27),--('Week 2'!$D$2:$D$500=$D$25),--('Week 2'!$C$2:$C$500>'Week 2'!$E$2:$E$500))+SUMPRODUCT(--('Week 2'!$B$2:$B$500=$D$25),--('Week 2'!$D$2:$D$500=$A27),--('Week 2'!$E$2:$E$500>'Week 2'!$C$2:$C$500)))+(SUMPRODUCT(--('Week 3'!$B$2:$B$500=$A27),--('Week 3'!$D$2:$D$500=$D$25),--('Week 3'!$C$2:$C$500>'Week 3'!$E$2:$E$500))+SUMPRODUCT(--('Week 3'!$B$2:$B$500=$D$25),--('Week 3'!$D$2:$D$500=$A27),--('Week 3'!$E$2:$E$500>'Week 3'!$C$2:$C$500)))+(SUMPRODUCT(--('Week 4'!$B$2:$B$500=$A27),--('Week 4'!$D$2:$D$500=$D$25),--('Week 4'!$C$2:$C$500>'Week 4'!$E$2:$E$500))+SUMPRODUCT(--('Week 4'!$B$2:$B$500=$D$25),--('Week 4'!$D$2:$D$500=$A27),--('Week 4'!$E$2:$E$500>'Week 4'!$C$2:$C$500)))+(SUMPRODUCT(--('Week 5'!$B$2:$B$500=$A27),--('Week 5'!$D$2:$D$500=$D$25),--('Week 5'!$C$2:$C$500>'Week 5'!$E$2:$E$500))+SUMPRODUCT(--('Week 5'!$B$2:$B$500=$D$25),--('Week 5'!$D$2:$D$500=$A27),--('Week 5'!$E$2:$E$500>'Week 5'!$C$2:$C$500)))+(SUMPRODUCT(--('Week 6'!$B$2:$B$500=$A27),--('Week 6'!$D$2:$D$500=$D$25),--('Week 6'!$C$2:$C$500>'Week 6'!$E$2:$E$500))+SUMPRODUCT(--('Week 6'!$B$2:$B$500=$D$25),--('Week 6'!$D$2:$D$500=$A27),--('Week 6'!$E$2:$E$500>'Week 6'!$C$2:$C$500))) | E27: =(SUMPRODUCT(--('Week 1'!$B$2:$B$500=$A27),--('Week 1'!$D$2:$D$500=$E$25),--('Week 1'!$C$2:$C$500>'Week 1'!$E$2:$E$500))+SUMPRODUCT(--('Week 1'!$B$2:$B$500=$E$25),--('Week 1'!$D$2:$D$500=$A27),--('Week 1'!$E$2:$E$500>'Week 1'!$C$2:$C$500)))+(SUMPRODUCT(--('Week 2'!$B$2:$B$500=$A27),--('Week 2'!$D$2:$D$500=$E$25),--('Week 2'!$C$2:$C$500>'Week 2'!$E$2:$E$500))+SUMPRODUCT(--('Week 2'!$B$2:$B$500=$E$25),--('Week 2'!$D$2:$D$500=$A27),--('Week 2'!$E$2:$E$500>'Week 2'!$C$2:$C$500)))+(SUMPRODUCT(--('Week 3'!$B$2:$B$500=$A27),--('Week 3'!$D$2:$D$500=$E$25),--('Week 3'!$C$2:$C$500>'Week 3'!$E$2:$E$500))+SUMPRODUCT(--('Week 3'!$B$2:$B$500=$E$25),--('Week 3'!$D$2:$D$500=$A27),--('Week 3'!$E$2:$E$500>'Week 3'!$C$2:$C$500)))+(SUMPRODUCT(--('Week 4'!$B$2:$B$500=$A27),--('Week 4'!$D$2:$D$500=$E$25),--('Week 4'!$C$2:$C$500>'Week 4'!$E$2:$E$500))+SUMPRODUCT(--('Week 4'!$B$2:$B$500=$E$25),--('Week 4'!$D$2:$D$500=$A27),--('Week 4'!$E$2:$E$500>'Week 4'!$C$2:$C$500)))+(SUMPRODUCT(--('Week 5'!$B$2:$B$500=$A27),--('Week 5'!$D$2:$D$500=$E$25),--('Week 5'!$C$2:$C$500>'Week 5'!$E$2:$E$500))+SUMPRODUCT(--('Week 5'!$B$2:$B$500=$E$25),--('Week 5'!$D$2:$D$500=$A27),--('Week 5'!$E$2:$E$500>'Week 5'!$C$2:$C$500)))+(SUMPRODUCT(--('Week 6'!$B$2:$B$500=$A27),--('Week 6'!$D$2:$D$500=$E$25),--('Week 6'!$C$2:$C$500>'Week 6'!$E$2:$E$500))+SUMPRODUCT(--('Week 6'!$B$2:$B$500=$E$25),--('Week 6'!$D$2:$D$500=$A27),--('Week 6'!$E$2:$E$500>'Week 6'!$C$2:$C$500))) | F27: =(SUMPRODUCT(--('Week 1'!$B$2:$B$500=$A27),--('Week 1'!$D$2:$D$500=$F$25),--('Week 1'!$C$2:$C$500>'Week 1'!$E$2:$E$500))+SUMPRODUCT(--('Week 1'!$B$2:$B$500=$F$25),--('Week 1'!$D$2:$D$500=$A27),--('Week 1'!$E$2:$E$500>'Week 1'!$C$2:$C$500)))+(SUMPRODUCT(--('Week 2'!$B$2:$B$500=$A27),--('Week 2'!$D$2:$D$500=$F$25),--('Week 2'!$C$2:$C$500>'Week 2'!$E$2:$E$500))+SUMPRODUCT(--('Week 2'!$B$2:$B$500=$F$25),--('Week 2'!$D$2:$D$500=$A27),--('Week 2'!$E$2:$E$500>'Week 2'!$C$2:$C$500)))+(SUMPRODUCT(--('Week 3'!$B$2:$B$500=$A27),--('Week 3'!$D$2:$D$500=$F$25),--('Week 3'!$C$2:$C$500>'Week 3'!$E$2:$E$500))+SUMPRODUCT(--('Week 3'!$B$2:$B$500=$F$25),--('Week 3'!$D$2:$D$500=$A27),--('Week 3'!$E$2:$E$500>'Week 3'!$C$2:$C$500)))+(SUMPRODUCT(--('Week 4'!$B$2:$B$500=$A27),--('Week 4'!$D$2:$D$500=$F$25),--('Week 4'!$C$2:$C$500>'Week 4'!$E$2:$E$500))+SUMPRODUCT(--('Week 4'!$B$2:$B$500=$F$25),--('Week 4'!$D$2:$D$500=$A27),--('Week 4'!$E$2:$E$500>'Week 4'!$C$2:$C$500)))+(SUMPRODUCT(--('Week 5'!$B$2:$B$500=$A27),--('Week 5'!$D$2:$D$500=$F$25),--('Week 5'!$C$2:$C$500>'Week 5'!$E$2:$E$500))+SUMPRODUCT(--('Week 5'!$B$2:$B$500=$F$25),--('Week 5'!$D$2:$D$500=$A27),--('Week 5'!$E$2:$E$500>'Week 5'!$C$2:$C$500)))+(SUMPRODUCT(--('Week 6'!$B$2:$B$500=$A27),--('Week 6'!$D$2:$D$500=$F$25),--('Week 6'!$C$2:$C$500>'Week 6'!$E$2:$E$500))+SUMPRODUCT(--('Week 6'!$B$2:$B$500=$F$25),--('Week 6'!$D$2:$D$500=$A27),--('Week 6'!$E$2:$E$500>'Week 6'!$C$2:$C$500)))
A28: Team 3 | B28: =(SUMPRODUCT(--('Week 1'!$B$2:$B$500=$A28),--('Week 1'!$D$2:$D$500=$B$25),--('Week 1'!$C$2:$C$500>'Week 1'!$E$2:$E$500))+SUMPRODUCT(--('Week 1'!$B$2:$B$500=$B$25),--('Week 1'!$D$2:$D$500=$A28),--('Week 1'!$E$2:$E$500>'Week 1'!$C$2:$C$500)))+(SUMPRODUCT(--('Week 2'!$B$2:$B$500=$A28),--('Week 2'!$D$2:$D$500=$B$25),--('Week 2'!$C$2:$C$500>'Week 2'!$E$2:$E$500))+SUMPRODUCT(--('Week 2'!$B$2:$B$500=$B$25),--('Week 2'!$D$2:$D$500=$A28),--('Week 2'!$E$2:$E$500>'Week 2'!$C$2:$C$500)))+(SUMPRODUCT(--('Week 3'!$B$2:$B$500=$A28),--('Week 3'!$D$2:$D$500=$B$25),--('Week 3'!$C$2:$C$500>'Week 3'!$E$2:$E$500))+SUMPRODUCT(--('Week 3'!$B$2:$B$500=$B$25),--('Week 3'!$D$2:$D$500=$A28),--('Week 3'!$E$2:$E$500>'Week 3'!$C$2:$C$500)))+(SUMPRODUCT(--('Week 4'!$B$2:$B$500=$A28),--('Week 4'!$D$2:$D$500=$B$25),--('Week 4'!$C$2:$C$500>'Week 4'!$E$2:$E$500))+SUMPRODUCT(--('Week 4'!$B$2:$B$500=$B$25),--('Week 4'!$D$2:$D$500=$A28),--('Week 4'!$E$2:$E$500>'Week 4'!$C$2:$C$500)))+(SUMPRODUCT(--('Week 5'!$B$2:$B$500=$A28),--('Week 5'!$D$2:$D$500=$B$25),--('Week 5'!$C$2:$C$500>'Week 5'!$E$2:$E$500))+SUMPRODUCT(--('Week 5'!$B$2:$B$500=$B$25),--('Week 5'!$D$2:$D$500=$A28),--('Week 5'!$E$2:$E$500>'Week 5'!$C$2:$C$500)))+(SUMPRODUCT(--('Week 6'!$B$2:$B$500=$A28),--('Week 6'!$D$2:$D$500=$B$25),--('Week 6'!$C$2:$C$500>'Week 6'!$E$2:$E$500))+SUMPRODUCT(--('Week 6'!$B$2:$B$500=$B$25),--('Week 6'!$D$2:$D$500=$A28),--('Week 6'!$E$2:$E$500>'Week 6'!$C$2:$C$500))) | C28: =(SUMPRODUCT(--('Week 1'!$B$2:$B$500=$A28),--('Week 1'!$D$2:$D$500=$C$25),--('Week 1'!$C$2:$C$500>'Week 1'!$E$2:$E$500))+SUMPRODUCT(--('Week 1'!$B$2:$B$500=$C$25),--('Week 1'!$D$2:$D$500=$A28),--('Week 1'!$E$2:$E$500>'Week 1'!$C$2:$C$500)))+(SUMPRODUCT(--('Week 2'!$B$2:$B$500=$A28),--('Week 2'!$D$2:$D$500=$C$25),--('Week 2'!$C$2:$C$500>'Week 2'!$E$2:$E$500))+SUMPRODUCT(--('Week 2'!$B$2:$B$500=$C$25),--('Week 2'!$D$2:$D$500=$A28),--('Week 2'!$E$2:$E$500>'Week 2'!$C$2:$C$500)))+(SUMPRODUCT(--('Week 3'!$B$2:$B$500=$A28),--('Week 3'!$D$2:$D$500=$C$25),--('Week 3'!$C$2:$C$500>'Week 3'!$E$2:$E$500))+SUMPRODUCT(--('Week 3'!$B$2:$B$500=$C$25),--('Week 3'!$D$2:$D$500=$A28),--('Week 3'!$E$2:$E$500>'Week 3'!$C$2:$C$500)))+(SUMPRODUCT(--('Week 4'!$B$2:$B$500=$A28),--('Week 4'!$D$2:$D$500=$C$25),--('Week 4'!$C$2:$C$500>'Week 4'!$E$2:$E$500))+SUMPRODUCT(--('Week 4'!$B$2:$B$500=$C$25),--('Week 4'!$D$2:$D$500=$A28),--('Week 4'!$E$2:$E$500>'Week 4'!$C$2:$C$500)))+(SUMPRODUCT(--('Week 5'!$B$2:$B$500=$A28),--('Week 5'!$D$2:$D$500=$C$25),--('Week 5'!$C$2:$C$500>'Week 5'!$E$2:$E$500))+SUMPRODUCT(--('Week 5'!$B$2:$B$500=$C$25),--('Week 5'!$D$2:$D$500=$A28),--('Week 5'!$E$2:$E$500>'Week 5'!$C$2:$C$500)))+(SUMPRODUCT(--('Week 6'!$B$2:$B$500=$A28),--('Week 6'!$D$2:$D$500=$C$25),--('Week 6'!$C$2:$C$500>'Week 6'!$E$2:$E$500))+SUMPRODUCT(--('Week 6'!$B$2:$B$500=$C$25),--('Week 6'!$D$2:$D$500=$A28),--('Week 6'!$E$2:$E$500>'Week 6'!$C$2:$C$500))) | D28: — | E28: =(SUMPRODUCT(--('Week 1'!$B$2:$B$500=$A28),--('Week 1'!$D$2:$D$500=$E$25),--('Week 1'!$C$2:$C$500>'Week 1'!$E$2:$E$500))+SUMPRODUCT(--('Week 1'!$B$2:$B$500=$E$25),--('Week 1'!$D$2:$D$500=$A28),--('Week 1'!$E$2:$E$500>'Week 1'!$C$2:$C$500)))+(SUMPRODUCT(--('Week 2'!$B$2:$B$500=$A28),--('Week 2'!$D$2:$D$500=$E$25),--('Week 2'!$C$2:$C$500>'Week 2'!$E$2:$E$500))+SUMPRODUCT(--('Week 2'!$B$2:$B$500=$E$25),--('Week 2'!$D$2:$D$500=$A28),--('Week 2'!$E$2:$E$500>'Week 2'!$C$2:$C$500)))+(SUMPRODUCT(--('Week 3'!$B$2:$B$500=$A28),--('Week 3'!$D$2:$D$500=$E$25),--('Week 3'!$C$2:$C$500>'Week 3'!$E$2:$E$500))+SUMPRODUCT(--('Week 3'!$B$2:$B$500=$E$25),--('Week 3'!$D$2:$D$500=$A28),--('Week 3'!$E$2:$E$500>'Week 3'!$C$2:$C$500)))+(SUMPRODUCT(--('Week 4'!$B$2:$B$500=$A28),--('Week 4'!$D$2:$D$500=$E$25),--('Week 4'!$C$2:$C$500>'Week 4'!$E$2:$E$500))+SUMPRODUCT(--('Week 4'!$B$2:$B$500=$E$25),--('Week 4'!$D$2:$D$500=$A28),--('Week 4'!$E$2:$E$500>'Week 4'!$C$2:$C$500)))+(SUMPRODUCT(--('Week 5'!$B$2:$B$500=$A28),--('Week 5'!$D$2:$D$500=$E$25),--('Week 5'!$C$2:$C$500>'Week 5'!$E$2:$E$500))+SUMPRODUCT(--('Week 5'!$B$2:$B$500=$E$25),--('Week 5'!$D$2:$D$500=$A28),--('Week 5'!$E$2:$E$500>'Week 5'!$C$2:$C$500)))+(SUMPRODUCT(--('Week 6'!$B$2:$B$500=$A28),--('Week 6'!$D$2:$D$500=$E$25),--('Week 6'!$C$2:$C$500>'Week 6'!$E$2:$E$500))+SUMPRODUCT(--('Week 6'!$B$2:$B$500=$E$25),--('Week 6'!$D$2:$D$500=$A28),--('Week 6'!$E$2:$E$500>'Week 6'!$C$2:$C$500))) | F28: =(SUMPRODUCT(--('Week 1'!$B$2:$B$500=$A28),--('Week 1'!$D$2:$D$500=$F$25),--('Week 1'!$C$2:$C$500>'Week 1'!$E$2:$E$500))+SUMPRODUCT(--('Week 1'!$B$2:$B$500=$F$25),--('Week 1'!$D$2:$D$500=$A28),--('Week 1'!$E$2:$E$500>'Week 1'!$C$2:$C$500)))+(SUMPRODUCT(--('Week 2'!$B$2:$B$500=$A28),--('Week 2'!$D$2:$D$500=$F$25),--('Week 2'!$C$2:$C$500>'Week 2'!$E$2:$E$500))+SUMPRODUCT(--('Week 2'!$B$2:$B$500=$F$25),--('Week 2'!$D$2:$D$500=$A28),--('Week 2'!$E$2:$E$500>'Week 2'!$C$2:$C$500)))+(SUMPRODUCT(--('Week 3'!$B$2:$B$500=$A28),--('Week 3'!$D$2:$D$500=$F$25),--('Week 3'!$C$2:$C$500>'Week 3'!$E$2:$E$500))+SUMPRODUCT(--('Week 3'!$B$2:$B$500=$F$25),--('Week 3'!$D$2:$D$500=$A28),--('Week 3'!$E$2:$E$500>'Week 3'!$C$2:$C$500)))+(SUMPRODUCT(--('Week 4'!$B$2:$B$500=$A28),--('Week 4'!$D$2:$D$500=$F$25),--('Week 4'!$C$2:$C$500>'Week 4'!$E$2:$E$500))+SUMPRODUCT(--('Week 4'!$B$2:$B$500=$F$25),--('Week 4'!$D$2:$D$500=$A28),--('Week 4'!$E$2:$E$500>'Week 4'!$C$2:$C$500)))+(SUMPRODUCT(--('Week 5'!$B$2:$B$500=$A28),--('Week 5'!$D$2:$D$500=$F$25),--('Week 5'!$C$2:$C$500>'Week 5'!$E$2:$E$500))+SUMPRODUCT(--('Week 5'!$B$2:$B$500=$F$25),--('Week 5'!$D$2:$D$500=$A28),--('Week 5'!$E$2:$E$500>'Week 5'!$C$2:$C$500)))+(SUMPRODUCT(--('Week 6'!$B$2:$B$500=$A28),--('Week 6'!$D$2:$D$500=$F$25),--('Week 6'!$C$2:$C$500>'Week 6'!$E$2:$E$500))+SUMPRODUCT(--('Week 6'!$B$2:$B$500=$F$25),--('Week 6'!$D$2:$D$500=$A28),--('Week 6'!$E$2:$E$500>'Week 6'!$C$2:$C$500)))
A29: Team 4 | B29: =(SUMPRODUCT(--('Week 1'!$B$2:$B$500=$A29),--('Week 1'!$D$2:$D$500=$B$25),--('Week 1'!$C$2:$C$500>'Week 1'!$E$2:$E$500))+SUMPRODUCT(--('Week 1'!$B$2:$B$500=$B$25),--('Week 1'!$D$2:$D$500=$A29),--('Week 1'!$E$2:$E$500>'Week 1'!$C$2:$C$500)))+(SUMPRODUCT(--('Week 2'!$B$2:$B$500=$A29),--('Week 2'!$D$2:$D$500=$B$25),--('Week 2'!$C$2:$C$500>'Week 2'!$E$2:$E$500))+SUMPRODUCT(--('Week 2'!$B$2:$B$500=$B$25),--('Week 2'!$D$2:$D$500=$A29),--('Week 2'!$E$2:$E$500>'Week 2'!$C$2:$C$500)))+(SUMPRODUCT(--('Week 3'!$B$2:$B$500=$A29),--('Week 3'!$D$2:$D$500=$B$25),--('Week 3'!$C$2:$C$500>'Week 3'!$E$2:$E$500))+SUMPRODUCT(--('Week 3'!$B$2:$B$500=$B$25),--('Week 3'!$D$2:$D$500=$A29),--('Week 3'!$E$2:$E$500>'Week 3'!$C$2:$C$500)))+(SUMPRODUCT(--('Week 4'!$B$2:$B$500=$A29),--('Week 4'!$D$2:$D$500=$B$25),--('Week 4'!$C$2:$C$500>'Week 4'!$E$2:$E$500))+SUMPRODUCT(--('Week 4'!$B$2:$B$500=$B$25),--('Week 4'!$D$2:$D$500=$A29),--('Week 4'!$E$2:$E$500>'Week 4'!$C$2:$C$500)))+(SUMPRODUCT(--('Week 5'!$B$2:$B$500=$A29),--('Week 5'!$D$2:$D$500=$B$25),--('Week 5'!$C$2:$C$500>'Week 5'!$E$2:$E$500))+SUMPRODUCT(--('Week 5'!$B$2:$B$500=$B$25),--('Week 5'!$D$2:$D$500=$A29),--('Week 5'!$E$2:$E$500>'Week 5'!$C$2:$C$500)))+(SUMPRODUCT(--('Week 6'!$B$2:$B$500=$A29),--('Week 6'!$D$2:$D$500=$B$25),--('Week 6'!$C$2:$C$500>'Week 6'!$E$2:$E$500))+SUMPRODUCT(--('Week 6'!$B$2:$B$500=$B$25),--('Week 6'!$D$2:$D$500=$A29),--('Week 6'!$E$2:$E$500>'Week 6'!$C$2:$C$500))) | C29: =(SUMPRODUCT(--('Week 1'!$B$2:$B$500=$A29),--('Week 1'!$D$2:$D$500=$C$25),--('Week 1'!$C$2:$C$500>'Week 1'!$E$2:$E$500))+SUMPRODUCT(--('Week 1'!$B$2:$B$500=$C$25),--('Week 1'!$D$2:$D$500=$A29),--('Week 1'!$E$2:$E$500>'Week 1'!$C$2:$C$500)))+(SUMPRODUCT(--('Week 2'!$B$2:$B$500=$A29),--('Week 2'!$D$2:$D$500=$C$25),--('Week 2'!$C$2:$C$500>'Week 2'!$E$2:$E$500))+SUMPRODUCT(--('Week 2'!$B$2:$B$500=$C$25),--('Week 2'!$D$2:$D$500=$A29),--('Week 2'!$E$2:$E$500>'Week 2'!$C$2:$C$500)))+(SUMPRODUCT(--('Week 3'!$B$2:$B$500=$A29),--('Week 3'!$D$2:$D$500=$C$25),--('Week 3'!$C$2:$C$500>'Week 3'!$E$2:$E$500))+SUMPRODUCT(--('Week 3'!$B$2:$B$500=$C$25),--('Week 3'!$D$2:$D$500=$A29),--('Week 3'!$E$2:$E$500>'Week 3'!$C$2:$C$500)))+(SUMPRODUCT(--('Week 4'!$B$2:$B$500=$A29),--('Week 4'!$D$2:$D$500=$C$25),--('Week 4'!$C$2:$C$500>'Week 4'!$E$2:$E$500))+SUMPRODUCT(--('Week 4'!$B$2:$B$500=$C$25),--('Week 4'!$D$2:$D$500=$A29),--('Week 4'!$E$2:$E$500>'Week 4'!$C$2:$C$500)))+(SUMPRODUCT(--('Week 5'!$B$2:$B$500=$A29),--('Week 5'!$D$2:$D$500=$C$25),--('Week 5'!$C$2:$C$500>'Week 5'!$E$2:$E$500))+SUMPRODUCT(--('Week 5'!$B$2:$B$500=$C$25),--('Week 5'!$D$2:$D$500=$A29),--('Week 5'!$E$2:$E$500>'Week 5'!$C$2:$C$500)))+(SUMPRODUCT(--('Week 6'!$B$2:$B$500=$A29),--('Week 6'!$D$2:$D$500=$C$25),--('Week 6'!$C$2:$C$500>'Week 6'!$E$2:$E$500))+SUMPRODUCT(--('Week 6'!$B$2:$B$500=$C$25),--('Week 6'!$D$2:$D$500=$A29),--('Week 6'!$E$2:$E$500>'Week 6'!$C$2:$C$500))) | D29: =(SUMPRODUCT(--('Week 1'!$B$2:$B$500=$A29),--('Week 1'!$D$2:$D$500=$D$25),--('Week 1'!$C$2:$C$500>'Week 1'!$E$2:$E$500))+SUMPRODUCT(--('Week 1'!$B$2:$B$500=$D$25),--('Week 1'!$D$2:$D$500=$A29),--('Week 1'!$E$2:$E$500>'Week 1'!$C$2:$C$500)))+(SUMPRODUCT(--('Week 2'!$B$2:$B$500=$A29),--('Week 2'!$D$2:$D$500=$D$25),--('Week 2'!$C$2:$C$500>'Week 2'!$E$2:$E$500))+SUMPRODUCT(--('Week 2'!$B$2:$B$500=$D$25),--('Week 2'!$D$2:$D$500=$A29),--('Week 2'!$E$2:$E$500>'Week 2'!$C$2:$C$500)))+(SUMPRODUCT(--('Week 3'!$B$2:$B$500=$A29),--('Week 3'!$D$2:$D$500=$D$25),--('Week 3'!$C$2:$C$500>'Week 3'!$E$2:$E$500))+SUMPRODUCT(--('Week 3'!$B$2:$B$500=$D$25),--('Week 3'!$D$2:$D$500=$A29),--('Week 3'!$E$2:$E$500>'Week 3'!$C$2:$C$500)))+(SUMPRODUCT(--('Week 4'!$B$2:$B$500=$A29),--('Week 4'!$D$2:$D$500=$D$25),--('Week 4'!$C$2:$C$500>'Week 4'!$E$2:$E$500))+SUMPRODUCT(--('Week 4'!$B$2:$B$500=$D$25),--('Week 4'!$D$2:$D$500=$A29),--('Week 4'!$E$2:$E$500>'Week 4'!$C$2:$C$500)))+(SUMPRODUCT(--('Week 5'!$B$2:$B$500=$A29),--('Week 5'!$D$2:$D$500=$D$25),--('Week 5'!$C$2:$C$500>'Week 5'!$E$2:$E$500))+SUMPRODUCT(--('Week 5'!$B$2:$B$500=$D$25),--('Week 5'!$D$2:$D$500=$A29),--('Week 5'!$E$2:$E$500>'Week 5'!$C$2:$C$500)))+(SUMPRODUCT(--('Week 6'!$B$2:$B$500=$A29),--('Week 6'!$D$2:$D$500=$D$25),--('Week 6'!$C$2:$C$500>'Week 6'!$E$2:$E$500))+SUMPRODUCT(--('Week 6'!$B$2:$B$500=$D$25),--('Week 6'!$D$2:$D$500=$A29),--('Week 6'!$E$2:$E$500>'Week 6'!$C$2:$C$500))) | E29: — | F29: =(SUMPRODUCT(--('Week 1'!$B$2:$B$500=$A29),--('Week 1'!$D$2:$D$500=$F$25),--('Week 1'!$C$2:$C$500>'Week 1'!$E$2:$E$500))+SUMPRODUCT(--('Week 1'!$B$2:$B$500=$F$25),--('Week 1'!$D$2:$D$500=$A29),--('Week 1'!$E$2:$E$500>'Week 1'!$C$2:$C$500)))+(SUMPRODUCT(--('Week 2'!$B$2:$B$500=$A29),--('Week 2'!$D$2:$D$500=$F$25),--('Week 2'!$C$2:$C$500>'Week 2'!$E$2:$E$500))+SUMPRODUCT(--('Week 2'!$B$2:$B$500=$F$25),--('Week 2'!$D$2:$D$500=$A29),--('Week 2'!$E$2:$E$500>'Week 2'!$C$2:$C$500)))+(SUMPRODUCT(--('Week 3'!$B$2:$B$500=$A29),--('Week 3'!$D$2:$D$500=$F$25),--('Week 3'!$C$2:$C$500>'Week 3'!$E$2:$E$500))+SUMPRODUCT(--('Week 3'!$B$2:$B$500=$F$25),--('Week 3'!$D$2:$D$500=$A29),--('Week 3'!$E$2:$E$500>'Week 3'!$C$2:$C$500)))+(SUMPRODUCT(--('Week 4'!$B$2:$B$500=$A29),--('Week 4'!$D$2:$D$500=$F$25),--('Week 4'!$C$2:$C$500>'Week 4'!$E$2:$E$500))+SUMPRODUCT(--('Week 4'!$B$2:$B$500=$F$25),--('Week 4'!$D$2:$D$500=$A29),--('Week 4'!$E$2:$E$500>'Week 4'!$C$2:$C$500)))+(SUMPRODUCT(--('Week 5'!$B$2:$B$500=$A29),--('Week 5'!$D$2:$D$500=$F$25),--('Week 5'!$C$2:$C$500>'Week 5'!$E$2:$E$500))+SUMPRODUCT(--('Week 5'!$B$2:$B$500=$F$25),--('Week 5'!$D$2:$D$500=$A29),--('Week 5'!$E$2:$E$500>'Week 5'!$C$2:$C$500)))+(SUMPRODUCT(--('Week 6'!$B$2:$B$500=$A29),--('Week 6'!$D$2:$D$500=$F$25),--('Week 6'!$C$2:$C$500>'Week 6'!$E$2:$E$500))+SUMPRODUCT(--('Week 6'!$B$2:$B$500=$F$25),--('Week 6'!$D$2:$D$500=$A29),--('Week 6'!$E$2:$E$500>'Week 6'!$C$2:$C$500)))
A30: Team 5 | B30: =(SUMPRODUCT(--('Week 1'!$B$2:$B$500=$A30),--('Week 1'!$D$2:$D$500=$B$25),--('Week 1'!$C$2:$C$500>'Week 1'!$E$2:$E$500))+SUMPRODUCT(--('Week 1'!$B$2:$B$500=$B$25),--('Week 1'!$D$2:$D$500=$A30),--('Week 1'!$E$2:$E$500>'Week 1'!$C$2:$C$500)))+(SUMPRODUCT(--('Week 2'!$B$2:$B$500=$A30),--('Week 2'!$D$2:$D$500=$B$25),--('Week 2'!$C$2:$C$500>'Week 2'!$E$2:$E$500))+SUMPRODUCT(--('Week 2'!$B$2:$B$500=$B$25),--('Week 2'!$D$2:$D$500=$A30),--('Week 2'!$E$2:$E$500>'Week 2'!$C$2:$C$500)))+(SUMPRODUCT(--('Week 3'!$B$2:$B$500=$A30),--('Week 3'!$D$2:$D$500=$B$25),--('Week 3'!$C$2:$C$500>'Week 3'!$E$2:$E$500))+SUMPRODUCT(--('Week 3'!$B$2:$B$500=$B$25),--('Week 3'!$D$2:$D$500=$A30),--('Week 3'!$E$2:$E$500>'Week 3'!$C$2:$C$500)))+(SUMPRODUCT(--('Week 4'!$B$2:$B$500=$A30),--('Week 4'!$D$2:$D$500=$B$25),--('Week 4'!$C$2:$C$500>'Week 4'!$E$2:$E$500))+SUMPRODUCT(--('Week 4'!$B$2:$B$500=$B$25),--('Week 4'!$D$2:$D$500=$A30),--('Week 4'!$E$2:$E$500>'Week 4'!$C$2:$C$500)))+(SUMPRODUCT(--('Week 5'!$B$2:$B$500=$A30),--('Week 5'!$D$2:$D$500=$B$25),--('Week 5'!$C$2:$C$500>'Week 5'!$E$2:$E$500))+SUMPRODUCT(--('Week 5'!$B$2:$B$500=$B$25),--('Week 5'!$D$2:$D$500=$A30),--('Week 5'!$E$2:$E$500>'Week 5'!$C$2:$C$500)))+(SUMPRODUCT(--('Week 6'!$B$2:$B$500=$A30),--('Week 6'!$D$2:$D$500=$B$25),--('Week 6'!$C$2:$C$500>'Week 6'!$E$2:$E$500))+SUMPRODUCT(--('Week 6'!$B$2:$B$500=$B$25),--('Week 6'!$D$2:$D$500=$A30),--('Week 6'!$E$2:$E$500>'Week 6'!$C$2:$C$500))) | C30: =(SUMPRODUCT(--('Week 1'!$B$2:$B$500=$A30),--('Week 1'!$D$2:$D$500=$C$25),--('Week 1'!$C$2:$C$500>'Week 1'!$E$2:$E$500))+SUMPRODUCT(--('Week 1'!$B$2:$B$500=$C$25),--('Week 1'!$D$2:$D$500=$A30),--('Week 1'!$E$2:$E$500>'Week 1'!$C$2:$C$500)))+(SUMPRODUCT(--('Week 2'!$B$2:$B$500=$A30),--('Week 2'!$D$2:$D$500=$C$25),--('Week 2'!$C$2:$C$500>'Week 2'!$E$2:$E$500))+SUMPRODUCT(--('Week 2'!$B$2:$B$500=$C$25),--('Week 2'!$D$2:$D$500=$A30),--('Week 2'!$E$2:$E$500>'Week 2'!$C$2:$C$500)))+(SUMPRODUCT(--('Week 3'!$B$2:$B$500=$A30),--('Week 3'!$D$2:$D$500=$C$25),--('Week 3'!$C$2:$C$500>'Week 3'!$E$2:$E$500))+SUMPRODUCT(--('Week 3'!$B$2:$B$500=$C$25),--('Week 3'!$D$2:$D$500=$A30),--('Week 3'!$E$2:$E$500>'Week 3'!$C$2:$C$500)))+(SUMPRODUCT(--('Week 4'!$B$2:$B$500=$A30),--('Week 4'!$D$2:$D$500=$C$25),--('Week 4'!$C$2:$C$500>'Week 4'!$E$2:$E$500))+SUMPRODUCT(--('Week 4'!$B$2:$B$500=$C$25),--('Week 4'!$D$2:$D$500=$A30),--('Week 4'!$E$2:$E$500>'Week 4'!$C$2:$C$500)))+(SUMPRODUCT(--('Week 5'!$B$2:$B$500=$A30),--('Week 5'!$D$2:$D$500=$C$25),--('Week 5'!$C$2:$C$500>'Week 5'!$E$2:$E$500))+SUMPRODUCT(--('Week 5'!$B$2:$B$500=$C$25),--('Week 5'!$D$2:$D$500=$A30),--('Week 5'!$E$2:$E$500>'Week 5'!$C$2:$C$500)))+(SUMPRODUCT(--('Week 6'!$B$2:$B$500=$A30),--('Week 6'!$D$2:$D$500=$C$25),--('Week 6'!$C$2:$C$500>'Week 6'!$E$2:$E$500))+SUMPRODUCT(--('Week 6'!$B$2:$B$500=$C$25),--('Week 6'!$D$2:$D$500=$A30),--('Week 6'!$E$2:$E$500>'Week 6'!$C$2:$C$500))) | D30: =(SUMPRODUCT(--('Week 1'!$B$2:$B$500=$A30),--('Week 1'!$D$2:$D$500=$D$25),--('Week 1'!$C$2:$C$500>'Week 1'!$E$2:$E$500))+SUMPRODUCT(--('Week 1'!$B$2:$B$500=$D$25),--('Week 1'!$D$2:$D$500=$A30),--('Week 1'!$E$2:$E$500>'Week 1'!$C$2:$C$500)))+(SUMPRODUCT(--('Week 2'!$B$2:$B$500=$A30),--('Week 2'!$D$2:$D$500=$D$25),--('Week 2'!$C$2:$C$500>'Week 2'!$E$2:$E$500))+SUMPRODUCT(--('Week 2'!$B$2:$B$500=$D$25),--('Week 2'!$D$2:$D$500=$A30),--('Week 2'!$E$2:$E$500>'Week 2'!$C$2:$C$500)))+(SUMPRODUCT(--('Week 3'!$B$2:$B$500=$A30),--('Week 3'!$D$2:$D$500=$D$25),--('Week 3'!$C$2:$C$500>'Week 3'!$E$2:$E$500))+SUMPRODUCT(--('Week 3'!$B$2:$B$500=$D$25),--('Week 3'!$D$2:$D$500=$A30),--('Week 3'!$E$2:$E$500>'Week 3'!$C$2:$C$500)))+(SUMPRODUCT(--('Week 4'!$B$2:$B$500=$A30),--('Week 4'!$D$2:$D$500=$D$25),--('Week 4'!$C$2:$C$500>'Week 4'!$E$2:$E$500))+SUMPRODUCT(--('Week 4'!$B$2:$B$500=$D$25),--('Week 4'!$D$2:$D$500=$A30),--('Week 4'!$E$2:$E$500>'Week 4'!$C$2:$C$500)))+(SUMPRODUCT(--('Week 5'!$B$2:$B$500=$A30),--('Week 5'!$D$2:$D$500=$D$25),--('Week 5'!$C$2:$C$500>'Week 5'!$E$2:$E$500))+SUMPRODUCT(--('Week 5'!$B$2:$B$500=$D$25),--('Week 5'!$D$2:$D$500=$A30),--('Week 5'!$E$2:$E$500>'Week 5'!$C$2:$C$500)))+(SUMPRODUCT(--('Week 6'!$B$2:$B$500=$A30),--('Week 6'!$D$2:$D$500=$D$25),--('Week 6'!$C$2:$C$500>'Week 6'!$E$2:$E$500))+SUMPRODUCT(--('Week 6'!$B$2:$B$500=$D$25),--('Week 6'!$D$2:$D$500=$A30),--('Week 6'!$E$2:$E$500>'Week 6'!$C$2:$C$500))) | E30: =(SUMPRODUCT(--('Week 1'!$B$2:$B$500=$A30),--('Week 1'!$D$2:$D$500=$E$25),--('Week 1'!$C$2:$C$500>'Week 1'!$E$2:$E$500))+SUMPRODUCT(--('Week 1'!$B$2:$B$500=$E$25),--('Week 1'!$D$2:$D$500=$A30),--('Week 1'!$E$2:$E$500>'Week 1'!$C$2:$C$500)))+(SUMPRODUCT(--('Week 2'!$B$2:$B$500=$A30),--('Week 2'!$D$2:$D$500=$E$25),--('Week 2'!$C$2:$C$500>'Week 2'!$E$2:$E$500))+SUMPRODUCT(--('Week 2'!$B$2:$B$500=$E$25),--('Week 2'!$D$2:$D$500=$A30),--('Week 2'!$E$2:$E$500>'Week 2'!$C$2:$C$500)))+(SUMPRODUCT(--('Week 3'!$B$2:$B$500=$A30),--('Week 3'!$D$2:$D$500=$E$25),--('Week 3'!$C$2:$C$500>'Week 3'!$E$2:$E$500))+SUMPRODUCT(--('Week 3'!$B$2:$B$500=$E$25),--('Week 3'!$D$2:$D$500=$A30),--('Week 3'!$E$2:$E$500>'Week 3'!$C$2:$C$500)))+(SUMPRODUCT(--('Week 4'!$B$2:$B$500=$A30),--('Week 4'!$D$2:$D$500=$E$25),--('Week 4'!$C$2:$C$500>'Week 4'!$E$2:$E$500))+SUMPRODUCT(--('Week 4'!$B$2:$B$500=$E$25),--('Week 4'!$D$2:$D$500=$A30),--('Week 4'!$E$2:$E$500>'Week 4'!$C$2:$C$500)))+(SUMPRODUCT(--('Week 5'!$B$2:$B$500=$A30),--('Week 5'!$D$2:$D$500=$E$25),--('Week 5'!$C$2:$C$500>'Week 5'!$E$2:$E$500))+SUMPRODUCT(--('Week 5'!$B$2:$B$500=$E$25),--('Week 5'!$D$2:$D$500=$A30),--('Week 5'!$E$2:$E$500>'Week 5'!$C$2:$C$500)))+(SUMPRODUCT(--('Week 6'!$B$2:$B$500=$A30),--('Week 6'!$D$2:$D$500=$E$25),--('Week 6'!$C$2:$C$500>'Week 6'!$E$2:$E$500))+SUMPRODUCT(--('Week 6'!$B$2:$B$500=$E$25),--('Week 6'!$D$2:$D$500=$A30),--('Week 6'!$E$2:$E$500>'Week 6'!$C$2:$C$500))) | F30: —

Sheet Week 1
B1: Court 1
A2: Game 01 | B2: Team 4 | D2: Team 5
A3: Game 02 | B3: Team 3 | D3: Team 2
A4: Game 03 | B4: Team 1 | D4: Team 5
A5: Game 04 | B5: Team 5 | D5: Team 4
A6: Game 05 | B6: Team 3 | D6: Team 2
A7: Game 06 | B7: Team 4 | D7: Team 1
A8: Game 07 | B8: Team 5 | D8: Team 2
A9: Game 08 | B9: Team 3 | D9: Team 1
A10: Game 09 | B10: Team 4 | D10: Team 2
A11: Game 10 | B11: Team 5 | D11: Team 1
A12: Game 11 | B12: Team 2 | D12: Team 3
A13: Game 12 | B13: Team 1 | D13: Team 4
... A26: Game 25 | B26: Team 5 | D26: Team 4
A28: Team Wins/Losses This Week
A29: Team Name | B29: Wins | C29: Losses
A30: Team 1 | B30: =SUMIFS(C:C,B:B,"Team 1*")+SUMIFS(E:E,D:D,"Team 1*") | C30: =SUMIFS(E:E,B:B,"Team 1*")+SUMIFS(C:C,D:D,"Team 1*")
A31: Team 2 | B31: =SUMIFS(C:C,B:B,"Team 2*")+SUMIFS(E:E,D:D,"Team 2*") | C31: =SUMIFS(E:E,B:B,"Team 2*")+SUMIFS(C:C,D:D,"Team 2*")
A32: Team 3 | B32: =SUMIFS(C:C,B:B,"Team 3*")+SUMIFS(E:E,D:D,"Team 3*") | C32: =SUMIFS(E:E,B:B,"Team 3*")+SUMIFS(C:C,D:D,"Team 3*")
A33: Team 4 | B33: =SUMIFS(C:C,B:B,"Team 4*")+SUMIFS(E:E,D:D,"Team 4*") | C33: =SUMIFS(E:E,B:B,"Team 4*")+SUMIFS(C:C,D:D,"Team 4*")
A34: Team 5 | B34: =SUMIFS(C:C,B:B,"Team 5*")+SUMIFS(E:E,D:D,"Team 5*") | C34: =SUMIFS(E:E,B:B,"Team 5*")+SUMIFS(C:C,D:D,"Team 5*")

Sheet Week 2
B1: Court 1
A2: Game 01 | B2: Team 5 | D2: Team 4
A3: Game 02 | B3: Team 2 | D3: Team 3
A4: Game 03 | B4: Team 5 | D4: Team 1
A5: Game 04 | B5: Team 4 | D5: Team 5
A6: Game 05 | B6: Team 2 | D6: Team 3
A7: Game 06 | B7: Team 1 | D7: Team 4
A8: Game 07 | B8: Team 2 | D8: Team 5
A9: Game 08 | B9: Team 1 | D9: Team 3
A10: Game 09 | B10: Team 2 | D10: Team 4
A11: Game 10 | B11: Team 1 | D11: Team 5
A12: Game 11 | B12: Team 3 | D12: Team 2
A13: Game 12 | B13: Team 4 | D13: Team 1
... A26: Game 25 | B26: Team 4 | D26: Team 5
A28: Team Wins/Losses This Week
A29: Team Name | B29: Wins | C29: Losses
A30: Team 1 | B30: =SUMIFS(C:C,B:B,"Team 1*")+SUMIFS(E:E,D:D,"Team 1*") | C30: =SUMIFS(E:E,B:B,"Team 1*")+SUMIFS(C:C,D:D,"Team 1*")
A31: Team 2 | B31: =SUMIFS(C:C,B:B,"Team 2*")+SUMIFS(E:E,D:D,"Team 2*") | C31: =SUMIFS(E:E,B:B,"Team 2*")+SUMIFS(C:C,D:D,"Team 2*")
A32: Team 3 | B32: =SUMIFS(C:C,B:B,"Team 3*")+SUMIFS(E:E,D:D,"Team 3*") | C32: =SUMIFS(E:E,B:B,"Team 3*")+SUMIFS(C:C,D:D,"Team 3*")
A33: Team 4 | B33: =SUMIFS(C:C,B:B,"Team 4*")+SUMIFS(E:E,D:D,"Team 4*") | C33: =SUMIFS(E:E,B:B,"Team 4*")+SUMIFS(C:C,D:D,"Team 4*")
A34: Team 5 | B34: =SUMIFS(C:C,B:B,"Team 5*")+SUMIFS(E:E,D:D,"Team 5*") | C34: =SUMIFS(E:E,B:B,"Team 5*")+SUMIFS(C:C,D:D,"Team 5*")

Sheet Week 3
B1: Court 1
A2: Game 01 | B2: Team 4 | D2: Team 5
A3: Game 02 | B3: Team 3 | D3: Team 2
A4: Game 03 | B4: Team 1 | D4: Team 5
A5: Game 04 | B5: Team 5 | D5: Team 4
A6: Game 05 | B6: Team 3 | D6: Team 2
A7: Game 06 | B7: Team 4 | D7: Team 1
A8: Game 07 | B8: Team 5 | D8: Team 2
A9: Game 08 | B9: Team 3 | D9: Team 1
A10: Game 09 | B10: Team 4 | D10: Team 2
A11: Game 10 | B11: Team 5 | D11: Team 1
A12: Game 11 | B12: Team 2 | D12: Team 3
A13: Game 12 | B13: Team 1 | D13: Team 4
... A26: Game 25 | B26: Team 5 | D26: Team 4
A28: Team Wins/Losses This Week
A29: Team Name | B29: Wins | C29: Losses
A30: Team 1 | B30: =SUMIFS(C:C,B:B,"Team 1*")+SUMIFS(E:E,D:D,"Team 1*") | C30: =SUMIFS(E:E,B:B,"Team 1*")+SUMIFS(C:C,D:D,"Team 1*")
A31: Team 2 | B31: =SUMIFS(C:C,B:B,"Team 2*")+SUMIFS(E:E,D:D,"Team 2*") | C31: =SUMIFS(E:E,B:B,"Team 2*")+SUMIFS(C:C,D:D,"Team 2*")
A32: Team 3 | B32: =SUMIFS(C:C,B:B,"Team 3*")+SUMIFS(E:E,D:D,"Team 3*") | C32: =SUMIFS(E:E,B:B,"Team 3*")+SUMIFS(C:C,D:D,"Team 3*")
A33: Team 4 | B33: =SUMIFS(C:C,B:B,"Team 4*")+SUMIFS(E:E,D:D,"Team 4*") | C33: =SUMIFS(E:E,B:B,"Team 4*")+SUMIFS(C:C,D:D,"Team 4*")
A34: Team 5 | B34: =SUMIFS(C:C,B:B,"Team 5*")+SUMIFS(E:E,D:D,"Team 5*") | C34: =SUMIFS(E:E,B:B,"Team 5*")+SUMIFS(C:C,D:D,"Team 5*")

Sheet Week 4
B1: Court 1
A2: Game 01 | B2: Team 5 | D2: Team 4
A3: Game 02 | B3: Team 3 | D3: Team 2
A4: Game 03 | B4: Team 1 | D4: Team 4
A5: Game 04 | B5: Team 2 | D5: Team 3
A6: Game 05 | B6: Team 5 | D6: Team 1
A7: Game 06 | B7: Team 4 | D7: Team 3
A8: Game 07 | B8: Team 2 | D8: Team 5
A9: Game 08 | B9: Team 1 | D9: Team 3
A10: Game 09 | B10: Team 4 | D10: Team 5
A11: Game 10 | B11: Team 1 | D11: Team 2
A12: Game 11 | B12: Team 5 | D12: Team 3
A13: Game 12 | B13: Team 4 | D13: Team 1
... A26: Game 25 | B26: Team 1 | D26: Team 4
A28: Team Wins/Losses This Week
A29: Team Name | B29: Wins | C29: Losses
A30: Team 1 | B30: =SUMIFS(C:C,B:B,"Team 1*")+SUMIFS(E:E,D:D,"Team 1*") | C30: =SUMIFS(E:E,B:B,"Team 1*")+SUMIFS(C:C,D:D,"Team 1*")
A31: Team 2 | B31: =SUMIFS(C:C,B:B,"Team 2*")+SUMIFS(E:E,D:D,"Team 2*") | C31: =SUMIFS(E:E,B:B,"Team 2*")+SUMIFS(C:C,D:D,"Team 2*")
A32: Team 3 | B32: =SUMIFS(C:C,B:B,"Team 3*")+SUMIFS(E:E,D:D,"Team 3*") | C32: =SUMIFS(E:E,B:B,"Team 3*")+SUMIFS(C:C,D:D,"Team 3*")
A33: Team 4 | B33: =SUMIFS(C:C,B:B,"Team 4*")+SUMIFS(E:E,D:D,"Team 4*") | C33: =SUMIFS(E:E,B:B,"Team 4*")+SUMIFS(C:C,D:D,"Team 4*")
A34: Team 5 | B34: =SUMIFS(C:C,B:B,"Team 5*")+SUMIFS(E:E,D:D,"Team 5*") | C34: =SUMIFS(E:E,B:B,"Team 5*")+SUMIFS(C:C,D:D,"Team 5*")

Sheet Week 5
B1: Court 1
A2: Game 01 | B2: Team 4 | D2: Team 5
A3: Game 02 | B3: Team 2 | D3: Team 3
A4: Game 03 | B4: Team 4 | D4: Team 1
A5: Game 04 | B5: Team 3 | D5: Team 2
A6: Game 05 | B6: Team 1 | D6: Team 5
A7: Game 06 | B7: Team 3 | D7: Team 4
A8: Game 07 | B8: Team 5 | D8: Team 2
A9: Game 08 | B9: Team 3 | D9: Team 1
A10: Game 09 | B10: Team 5 | D10: Team 4
A11: Game 10 | B11: Team 2 | D11: Team 1
A12: Game 11 | B12: Team 3 | D12: Team 5
A13: Game 12 | B13: Team 1 | D13: Team 4
... A26: Game 25 | B26: Team 4 | D26: Team 1
A28: Team Wins/Losses This Week
A29: Team Name | B29: Wins | C29: Losses
A30: Team 1 | B30: =SUMIFS(C:C,B:B,"Team 1*")+SUMIFS(E:E,D:D,"Team 1*") | C30: =SUMIFS(E:E,B:B,"Team 1*")+SUMIFS(C:C,D:D,"Team 1*")
A31: Team 2 | B31: =SUMIFS(C:C,B:B,"Team 2*")+SUMIFS(E:E,D:D,"Team 2*") | C31: =SUMIFS(E:E,B:B,"Team 2*")+SUMIFS(C:C,D:D,"Team 2*")
A32: Team 3 | B32: =SUMIFS(C:C,B:B,"Team 3*")+SUMIFS(E:E,D:D,"Team 3*") | C32: =SUMIFS(E:E,B:B,"Team 3*")+SUMIFS(C:C,D:D,"Team 3*")
A33: Team 4 | B33: =SUMIFS(C:C,B:B,"Team 4*")+SUMIFS(E:E,D:D,"Team 4*") | C33: =SUMIFS(E:E,B:B,"Team 4*")+SUMIFS(C:C,D:D,"Team 4*")
A34: Team 5 | B34: =SUMIFS(C:C,B:B,"Team 5*")+SUMIFS(E:E,D:D,"Team 5*") | C34: =SUMIFS(E:E,B:B,"Team 5*")+SUMIFS(C:C,D:D,"Team 5*")

Sheet Week 6
B1: Court 1
A2: Game 01 | B2: Team 5 | D2: Team 4
A3: Game 02 | B3: Team 3 | D3: Team 2
A4: Game 03 | B4: Team 1 | D4: Team 4
A5: Game 04 | B5: Team 2 | D5: Team 3
A6: Game 05 | B6: Team 5 | D6: Team 1
A7: Game 06 | B7: Team 4 | D7: Team 3
A8: Game 07 | B8: Team 2 | D8: Team 5
A9: Game 08 | B9: Team 1 | D9: Team 3
A10: Game 09 | B10: Team 4 | D10: Team 5
A11: Game 10 | B11: Team 1 | D11: Team 2
A12: Game 11 | B12: Team 5 | D12: Team 3
A13: Game 12 | B13: Team 4 | D13: Team 1
... A26: Game 25 | B26: Team 1 | D26: Team 4
A28: Team Wins/Losses This Week
A29: Team Name | B29: Wins | C29: Losses
A30: Team 1 | B30: =SUMIFS(C:C,B:B,"Team 1*")+SUMIFS(E:E,D:D,"Team 1*") | C30: =SUMIFS(E:E,B:B,"Team 1*")+SUMIFS(C:C,D:D,"Team 1*")
A31: Team 2 | B31: =SUMIFS(C:C,B:B,"Team 2*")+SUMIFS(E:E,D:D,"Team 2*") | C31: =SUMIFS(E:E,B:B,"Team 2*")+SUMIFS(C:C,D:D,"Team 2*")
A32: Team 3 | B32: =SUMIFS(C:C,B:B,"Team 3*")+SUMIFS(E:E,D:D,"Team 3*") | C32: =SUMIFS(E:E,B:B,"Team 3*")+SUMIFS(C:C,D:D,"Team 3*")
A33: Team 4 | B33: =SUMIFS(C:C,B:B,"Team 4*")+SUMIFS(E:E,D:D,"Team 4*") | C33: =SUMIFS(E:E,B:B,"Team 4*")+SUMIFS(C:C,D:D,"Team 4*")
A34: Team 5 | B34: =SUMIFS(C:C,B:B,"Team 5*")+SUMIFS(E:E,D:D,"Team 5*") | C34: =SUMIFS(E:E,B:B,"Team 5*")+SUMIFS(C:C,D:D,"Team 5*")
