Workbook

Sheet League Standings
A1: LEAGUE STANDINGS
A2: Team Name | B2: Points For | C2: Points Against | D2: Point Differential
A3: =INDEX(A17:A20,MATCH(LARGE(C17:C20,1),C17:C20,0)) | B3: =INDEX(B17:B20,MATCH(LARGE(C17:C20,1),C17:C20,0)) | C3: =INDEX(E17:E20,MATCH(LARGE(C17:C20,1),C17:C20,0)) | D3: =B3-C3
A4: =INDEX(A17:A20,MATCH(LARGE(C17:C20,2),C17:C20,0)) | B4: =INDEX(B17:B20,MATCH(LARGE(C17:C20,2),C17:C20,0)) | C4: =INDEX(E17:E20,MATCH(LARGE(C17:C20,2),C17:C20,0)) | D4: =B4-C4
A5: =INDEX(A17:A20,MATCH(LARGE(C17:C20,3),C17:C20,0)) | B5: =INDEX(B17:B20,MATCH(LARGE(C17:C20,3),C17:C20,0)) | C5: =INDEX(E17:E20,MATCH(LARGE(C17:C20,3),C17:C20,0)) | D5: =B5-C5
A6: =INDEX(A17:A20,MATCH(LARGE(C17:C20,4),C17:C20,0)) | B6: =INDEX(B17:B20,MATCH(LARGE(C17:C20,4),C17:C20,0)) | C6: =INDEX(E17:E20,MATCH(LARGE(C17:C20,4),C17:C20,0)) | D6: =B6-C6
A11: Week # | B11: 0
B13: =SUM(B3:B9) | C13: =SUM(C3:C9)
A16: Teams | B16: Wins | C16: Excel magic column | E16: Losses
A17: Artemis | B17: ='Week 1 (1.4)'!B32+'Week 2 (1.11)'!B32+'Week 3 (1.25)'!B32+'Week 4 (2.1)'!B32+'Week 5 (2.8)'!B32+'Week 6 (2.15)'!B32 | C17: =B17+ROW(B17)/10000 | E17: ='Week 1 (1.4)'!C32+'Week 2 (1.11)'!C32+'Week 3 (1.25)'!C32+'Week 4 (2.1)'!C32+'Week 5 (2.8)'!C32+'Week 6 (2.15)'!C32
A18: Athena | B18: ='Week 1 (1.4)'!B33+'Week 2 (1.11)'!B33+'Week 3 (1.25)'!B33+'Week 4 (2.1)'!B33+'Week 5 (2.8)'!B33+'Week 6 (2.15)'!B33 | C18: =B18+ROW(B18)/10000 | E18: ='Week 1 (1.4)'!C33+'Week 2 (1.11)'!C33+'Week 3 (1.25)'!C33+'Week 4 (2.1)'!C33+'Week 5 (2.8)'!C33+'Week 6 (2.15)'!C33
A19: Dionysus | B19: ='Week 1 (1.4)'!B34+'Week 2 (1.11)'!B34+'Week 3 (1.25)'!B34+'Week 4 (2.1)'!B34+'Week 5 (2.8)'!B34+'Week 6 (2.15)'!B34 | C19: =B19+ROW(B19)/10000 | E19: ='Week 1 (1.4)'!C34+'Week 2 (1.11)'!C34+'Week 3 (1.25)'!C34+'Week 4 (2.1)'!C34+'Week 5 (2.8)'!C34+'Week 6 (2.15)'!C34
A20: Persephone | B20: ='Week 1 (1.4)'!B35+'Week 2 (1.11)'!B35+'Week 3 (1.25)'!B35+'Week 4 (2.1)'!B35+'Week 5 (2.8)'!B35+'Week 6 (2.15)'!B35 | C20: =B20+ROW(B20)/10000 | E20: ='Week 1 (1.4)'!C35+'Week 2 (1.11)'!C35+'Week 3 (1.25)'!C35+'Week 4 (2.1)'!C35+'Week 5 (2.8)'!C35+'Week 6 (2.15)'!C35

Sheet Teams
A1: Team Names | C1: Persephone | D1: Artemis | E1: Dionysus | F1: Athena
A2: Players | B2: Andrea Moreira | C2: Abby Lee | D2: Cassandra Maker | E2: Jess Sartin
B3: Chelsea Habif | C3: Ashley Elder | D3: Erin Dacey | E3: Laura Jennings
B4: Claire Ousey | C4: Grace Berg | D4: Julia Stevens | E4: Steph Bartlett
B5: Jess Habif | C5: Kimberly Usseglio | D5: Lovie Burleson | E5: Victoria Petersen
B6: Jo Dymek | C6: Rachel Garland | D6: Mackenzie Wilson | E6: Yiwei Li
B7: Briana Scata | C7: Rachel Krystopowicz

Sheet Schedule Generator
A1: Week 1 | G1: Week 3 | M1: Week 5
B2: Athena | C2: Persephone | D2: Artemis | E2: Dionysus | H2: Athena | I2: Persephone | J2: Artemis | K2: Dionysus | N2: Athena | O2: Persephone | P2: Artemis | Q2: Dionysus
A3: Athena | B3: - | C3: 2 | D3: 2 | E3: 2 | G3: Athena | H3: - | I3: 2 | J3: 2 | K3: 2 | M3: Athena | O3: 2 | P3: 2 | Q3: 2
A4: Persephone | B4: 2 | C4: - | D4: 2 | E4: 2 | G4: Persephone | H4: 2 | I4: - | J4: 2 | K4: 2 | M4: Persephone | N4: 2 | P4: 2 | Q4: 2
A5: Artemis | B5: 2 | C5: 2 | D5: - | E5: 2 | G5: Artemis | H5: 2 | I5: 2 | J5: - | K5: 2 | M5: Artemis | N5: 2 | O5: 2 | Q5: 2
A6: Dionysus | B6: 2 | C6: 2 | D6: 2 | E6: - | G6: Dionysus | H6: 2 | I6: 2 | J6: 2 | K6: - | M6: Dionysus | N6: 2 | O6: 2 | P6: 2
A9: Week 2 | G9: Week 4 | M9: Week 6
B10: Athena | C10: Persephone | D10: Artemis | E10: Dionysus | H10: Athena | I10: Persephone | J10: Artemis | K10: Dionysus | N10: Athena | O10: Persephone | P10: Artemis | Q10: Dionysus
A11: Athena | B11: - | C11: 2 | D11: 2 | E11: 2 | G11: Athena | H11: - | I11: 2 | J11: 2 | K11: 2 | M11: Athena | O11: 2 | P11: 2 | Q11: 2
A12: Persephone | B12: 2 | C12: - | D12: 2 | E12: 2 | G12: Persephone | H12: 2 | J12: 2 | K12: 2 | M12: Persephone | N12: 2 | P12: 2 | Q12: 2
A13: Artemis | B13: 2 | C13: 2 | D13: - | E13: 2 | G13: Artemis | H13: 2 | I13: 2 | J13: - | K13: 2 | M13: Artemis | N13: 2 | O13: 2 | Q13: 2
A14: Dionysus | B14: 2 | C14: 2 | D14: 2 | E14: - | G14: Dionysus | H14: 2 | I14: 2 | J14: 2 | K14: - | M14: Dionysus | N14: 2 | O14: 2 | P14: 2

Sheet Week 1 (1.4)
B1: Court 1
A2: Game 01 | B2: Athena | D2: Persephone | H2: =CONCAT(B2,D2) | I2: =CONCAT(#REF!,#REF!)
B3: Ref
A4: Game 02 | B4: Artemis | D4: Dionysus | H4: =CONCAT(B4,D4) | I4: =CONCAT(#REF!,#REF!)
B5: Ref
A6: Game 03 | B6: Athena | D6: Artemis | H6: =CONCAT(B6,D6) | I6: =CONCAT(#REF!,#REF!)
B7: Ref
A8: Game 04 | B8: Persephone | D8: Dionysus | H8: =CONCAT(B8,D8) | I8: =CONCAT(#REF!,#REF!)
B9: Ref
A10: Game 05 | B10: Athena | D10: Dionysus | H10: =CONCAT(B10,D10) | I10: =CONCAT(#REF!,#REF!)
B11: Ref
A12: Game 06 | B12: Persephone | D12: Artemis | H12: =CONCAT(B12,D12) | I12: =CONCAT(#REF!,#REF!)
B13: Ref
A14: Game 07 | B14: Athena | D14: Persephone | H14: =CONCAT(B14,D14) | I14: =CONCAT(#REF!,#REF!)
B15: Ref
A16: Game 08 | B16: Artemis | D16: Dionysus | H16: =CONCAT(B16,D16) | I16: =CONCAT(#REF!,#REF!) | J16: Refs: Breezy F. Baby
B17: Ref | J17: Refs: Five Finger Steph Punch
A18: Game 09 | B18: Athena | D18: Artemis | H18: =CONCAT(B18,D18) | I18: =CONCAT(#REF!,#REF!) | J18: Refs: Clairvoyance
B19: Ref | J19: Refs: Julia's Ghoulias
A20: Game 10 | B20: Persephone | D20: Dionysus | H20: =CONCAT(B20,D20) | I20: =CONCAT(#REF!,#REF!) | J20: Refs: Jo Knows
B21: Ref | J21: Refs: Lov(ie) Island
A22: Game 11 | B22: Athena | D22: Dionysus | H22: =CONCAT(B22,D22) | I22: =CONCAT(#REF!,#REF!) | J22: Refs: Barbies and Kenzies
B23: Ref
A24: Game 12 | B24: Persephone | D24: Artemis | H24: =CONCAT(B24,D24) | I24: =CONCAT(#REF!,#REF!)
B25: Ref
A30: Team Wins/Losses This Week
A31: Team Name | B31: Wins | C31: Losses
A32: Artemis | B32: =SUMIFS(C:C,B:B,"Artemis")+SUMIFS(E:E,D:D,"Artemis") | C32: =SUMIFS(E:E,B:B,"Artemis")+SUMIFS(C:C,D:D,"Artemis")
A33: Athena | B33: =SUMIFS(C:C,B:B,"Athena")+SUMIFS(E:E,D:D,"Athena") | C33: =SUMIFS(E:E,B:B,"Athena")+SUMIFS(C:C,D:D,"Athena")
A34: Dionysus | B34: =SUMIFS(C:C,B:B,"Dionysus")+SUMIFS(E:E,D:D,"Dionysus") | C34: =SUMIFS(E:E,B:B,"Dionysus")+SUMIFS(C:C,D:D,"Dionysus")
A35: Persephone | B35: =SUMIFS(C:C,B:B,"Persephone")+SUMIFS(E:E,D:D,"Persephone") | C35: =SUMIFS(E:E,B:B,"Persephone")+SUMIFS(C:C,D:D,"Persephone")

Sheet Week 2 (1.11)
B1: Court 1
A2: Game 01 | B2: Persephone | D2: Artemis | H2: =CONCAT(B2,D2) | I2: =CONCAT(#REF!,#REF!)
B3: Ref
A4: Game 02 | B4: Athena | D4: Dionysus | H4: =CONCAT(B4,D4) | I4: =CONCAT(#REF!,#REF!)
B5: Ref
A6: Game 03 | B6: Persephone | D6: Dionysus | H6: =CONCAT(B6,D6) | I6: =CONCAT(#REF!,#REF!)
B7: Ref
A8: Game 04 | B8: Athena | D8: Artemis | H8: =CONCAT(B8,D8) | I8: =CONCAT(#REF!,#REF!)
B9: Ref
A10: Game 05 | B10: Artemis | D10: Dionysus | H10: =CONCAT(B10,D10) | I10: =CONCAT(#REF!,#REF!)
B11: Ref
A12: Game 06 | B12: Athena | D12: Persephone | H12: =CONCAT(B12,D12) | I12: =CONCAT(#REF!,#REF!)
B13: Ref
A14: Game 07 | B14: Persephone | D14: Artemis | H14: =CONCAT(B14,D14) | I14: =CONCAT(#REF!,#REF!)
B15: Ref
A16: Game 08 | B16: Athena | D16: Dionysus | H16: =CONCAT(B16,D16) | I16: =CONCAT(#REF!,#REF!) | J16: Refs: Breezy F. Baby
B17: Ref | J17: Refs: Five Finger Steph Punch
A18: Game 09 | B18: Persephone | D18: Dionysus | H18: =CONCAT(B18,D18) | I18: =CONCAT(#REF!,#REF!) | J18: Refs: Clairvoyance
B19: Ref | J19: Refs: Julia's Ghoulias
A20: Game 10 | B20: Athena | D20: Artemis | H20: =CONCAT(B20,D20) | I20: =CONCAT(#REF!,#REF!) | J20: Refs: Jo Knows
B21: Ref | J21: Refs: Lov(ie) Island
A22: Game 11 | B22: Artemis | D22: Dionysus | H22: =CONCAT(B22,D22) | I22: =CONCAT(#REF!,#REF!) | J22: Refs: Barbies and Kenzies
B23: Ref
A24: Game 12 | B24: Athena | D24: Persephone | H24: =CONCAT(B24,D24) | I24: =CONCAT(#REF!,#REF!)
B25: Ref
A30: Team Wins/Losses This Week
A31: Team Name | B31: Wins | C31: Losses
A32: Artemis | B32: =SUMIFS(C:C,B:B,"Artemis")+SUMIFS(E:E,D:D,"Artemis") | C32: =SUMIFS(E:E,B:B,"Artemis")+SUMIFS(C:C,D:D,"Artemis")
A33: Athena | B33: =SUMIFS(C:C,B:B,"Athena")+SUMIFS(E:E,D:D,"Athena") | C33: =SUMIFS(E:E,B:B,"Athena")+SUMIFS(C:C,D:D,"Athena")
A34: Dionysus | B34: =SUMIFS(C:C,B:B,"Dionysus")+SUMIFS(E:E,D:D,"Dionysus") | C34: =SUMIFS(E:E,B:B,"Dionysus")+SUMIFS(C:C,D:D,"Dionysus")
A35: Persephone | B35: =SUMIFS(C:C,B:B,"Persephone")+SUMIFS(E:E,D:D,"Persephone") | C35: =SUMIFS(E:E,B:B,"Persephone")+SUMIFS(C:C,D:D,"Persephone")

Sheet Week 3 (1.25)
B1: Court 1
A2: Game 01 | B2: Athena | D2: Persephone | H2: =CONCAT(B2,D2) | I2: =CONCAT(#REF!,#REF!)
B3: Ref
A4: Game 02 | B4: Artemis | D4: Dionysus | H4: =CONCAT(B4,D4) | I4: =CONCAT(#REF!,#REF!)
B5: Ref
A6: Game 03 | B6: Athena | D6: Artemis | H6: =CONCAT(B6,D6) | I6: =CONCAT(#REF!,#REF!)
B7: Ref
A8: Game 04 | B8: Persephone | D8: Dionysus | H8: =CONCAT(B8,D8) | I8: =CONCAT(#REF!,#REF!)
B9: Ref
A10: Game 05 | B10: Athena | D10: Dionysus | H10: =CONCAT(B10,D10) | I10: =CONCAT(#REF!,#REF!)
B11: Ref
A12: Game 06 | B12: Persephone | D12: Artemis | H12: =CONCAT(B12,D12) | I12: =CONCAT(#REF!,#REF!)
B13: Ref
A14: Game 07 | B14: Athena | D14: Persephone | H14: =CONCAT(B14,D14) | I14: =CONCAT(#REF!,#REF!)
B15: Ref
A16: Game 08 | B16: Artemis | D16: Dionysus | H16: =CONCAT(B16,D16) | I16: =CONCAT(#REF!,#REF!) | J16: Refs: Breezy F. Baby
B17: Ref | J17: Refs: Five Finger Steph Punch
A18: Game 09 | B18: Athena | D18: Artemis | H18: =CONCAT(B18,D18) | I18: =CONCAT(#REF!,#REF!) | J18: Refs: Clairvoyance
B19: Ref | J19: Refs: Julia's Ghoulias
A20: Game 10 | B20: Persephone | D20: Dionysus | H20: =CONCAT(B20,D20) | I20: =CONCAT(#REF!,#REF!) | J20: Refs: Jo Knows
B21: Ref | J21: Refs: Lov(ie) Island
A22: Game 11 | B22: Athena | D22: Dionysus | H22: =CONCAT(B22,D22) | I22: =CONCAT(#REF!,#REF!) | J22: Refs: Barbies and Kenzies
B23: Ref
A24: Game 12 | B24: Persephone | D24: Artemis | H24: =CONCAT(B24,D24) | I24: =CONCAT(#REF!,#REF!)
B25: Ref
A30: Team Wins/Losses This Week
A31: Team Name | B31: Wins | C31: Losses
A32: Artemis | B32: =SUMIFS(C:C,B:B,"Artemis")+SUMIFS(E:E,D:D,"Artemis") | C32: =SUMIFS(E:E,B:B,"Artemis")+SUMIFS(C:C,D:D,"Artemis")
A33: Athena | B33: =SUMIFS(C:C,B:B,"Athena")+SUMIFS(E:E,D:D,"Athena") | C33: =SUMIFS(E:E,B:B,"Athena")+SUMIFS(C:C,D:D,"Athena")
A34: Dionysus | B34: =SUMIFS(C:C,B:B,"Dionysus")+SUMIFS(E:E,D:D,"Dionysus") | C34: =SUMIFS(E:E,B:B,"Dionysus")+SUMIFS(C:C,D:D,"Dionysus")
A35: Persephone | B35: =SUMIFS(C:C,B:B,"Persephone")+SUMIFS(E:E,D:D,"Persephone") | C35: =SUMIFS(E:E,B:B,"Persephone")+SUMIFS(C:C,D:D,"Persephone")

Sheet Week 4 (2.1)
B1: Court 1
A2: Game 01 | B2: Persephone | D2: Artemis | H2: =CONCAT(B2,D2) | I2: =CONCAT(#REF!,#REF!)
B3: Ref
A4: Game 02 | B4: Athena | D4: Dionysus | H4: =CONCAT(B4,D4) | I4: =CONCAT(#REF!,#REF!)
B5: Ref
A6: Game 03 | B6: Persephone | D6: Dionysus | H6: =CONCAT(B6,D6) | I6: =CONCAT(#REF!,#REF!)
B7: Ref
A8: Game 04 | B8: Athena | D8: Artemis | H8: =CONCAT(B8,D8) | I8: =CONCAT(#REF!,#REF!)
B9: Ref
A10: Game 05 | B10: Artemis | D10: Dionysus | H10: =CONCAT(B10,D10) | I10: =CONCAT(#REF!,#REF!)
B11: Ref
A12: Game 06 | B12: Athena | D12: Persephone | H12: =CONCAT(B12,D12) | I12: =CONCAT(#REF!,#REF!)
B13: Ref
A14: Game 07 | B14: Persephone | D14: Artemis | H14: =CONCAT(B14,D14) | I14: =CONCAT(#REF!,#REF!)
B15: Ref
A16: Game 08 | B16: Athena | D16: Dionysus | H16: =CONCAT(B16,D16) | I16: =CONCAT(#REF!,#REF!) | J16: Refs: Breezy F. Baby
B17: Ref | J17: Refs: Five Finger Steph Punch
A18: Game 09 | B18: Persephone | D18: Dionysus | H18: =CONCAT(B18,D18) | I18: =CONCAT(#REF!,#REF!) | J18: Refs: Clairvoyance
B19: Ref | J19: Refs: Julia's Ghoulias
A20: Game 10 | B20: Athena | D20: Artemis | H20: =CONCAT(B20,D20) | I20: =CONCAT(#REF!,#REF!) | J20: Refs: Jo Knows
B21: Ref | J21: Refs: Lov(ie) Island
A22: Game 11 | B22: Artemis | D22: Dionysus | H22: =CONCAT(B22,D22) | I22: =CONCAT(#REF!,#REF!) | J22: Refs: Barbies and Kenzies
B23: Ref
A24: Game 12 | B24: Athena | D24: Persephone | H24: =CONCAT(B24,D24) | I24: =CONCAT(#REF!,#REF!)
B25: Ref
A30: Team Wins/Losses This Week
A31: Team Name | B31: Wins | C31: Losses
A32: Artemis | B32: =SUMIFS(C:C,B:B,"Artemis")+SUMIFS(E:E,D:D,"Artemis") | C32: =SUMIFS(E:E,B:B,"Artemis")+SUMIFS(C:C,D:D,"Artemis")
A33: Athena | B33: =SUMIFS(C:C,B:B,"Athena")+SUMIFS(E:E,D:D,"Athena") | C33: =SUMIFS(E:E,B:B,"Athena")+SUMIFS(C:C,D:D,"Athena")
A34: Dionysus | B34: =SUMIFS(C:C,B:B,"Dionysus")+SUMIFS(E:E,D:D,"Dionysus") | C34: =SUMIFS(E:E,B:B,"Dionysus")+SUMIFS(C:C,D:D,"Dionysus")
A35: Persephone | B35: =SUMIFS(C:C,B:B,"Persephone")+SUMIFS(E:E,D:D,"Persephone") | C35: =SUMIFS(E:E,B:B,"Persephone")+SUMIFS(C:C,D:D,"Persephone")

Sheet Week 5 (2.8)
B1: Court 1
A2: Game 01 | B2: Athena | D2: Persephone | H2: =CONCAT(B2,D2) | I2: =CONCAT(#REF!,#REF!)
B3: Ref
A4: Game 02 | B4: Artemis | D4: Dionysus | H4: =CONCAT(B4,D4) | I4: =CONCAT(#REF!,#REF!)
B5: Ref
A6: Game 03 | B6: Athena | D6: Artemis | H6: =CONCAT(B6,D6) | I6: =CONCAT(#REF!,#REF!)
B7: Ref
A8: Game 04 | B8: Persephone | D8: Dionysus | H8: =CONCAT(B8,D8) | I8: =CONCAT(#REF!,#REF!)
B9: Ref
A10: Game 05 | B10: Athena | D10: Dionysus | H10: =CONCAT(B10,D10) | I10: =CONCAT(#REF!,#REF!)
B11: Ref
A12: Game 06 | B12: Persephone | D12: Artemis | H12: =CONCAT(B12,D12) | I12: =CONCAT(#REF!,#REF!)
B13: Ref
A14: Game 07 | B14: Athena | D14: Persephone | H14: =CONCAT(B14,D14) | I14: =CONCAT(#REF!,#REF!)
B15: Ref
A16: Game 08 | B16: Artemis | D16: Dionysus | H16: =CONCAT(B16,D16) | I16: =CONCAT(#REF!,#REF!) | J16: Refs: Breezy F. Baby
B17: Ref | J17: Refs: Five Finger Steph Punch
A18: Game 09 | B18: Athena | D18: Artemis | H18: =CONCAT(B18,D18) | I18: =CONCAT(#REF!,#REF!) | J18: Refs: Clairvoyance
B19: Ref | J19: Refs: Julia's Ghoulias
A20: Game 10 | B20: Persephone | D20: Dionysus | H20: =CONCAT(B20,D20) | I20: =CONCAT(#REF!,#REF!) | J20: Refs: Jo Knows
B21: Ref | J21: Refs: Lov(ie) Island
A22: Game 11 | B22: Athena | D22: Dionysus | H22: =CONCAT(B22,D22) | I22: =CONCAT(#REF!,#REF!) | J22: Refs: Barbies and Kenzies
B23: Ref
A24: Game 12 | B24: Persephone | D24: Artemis | H24: =CONCAT(B24,D24) | I24: =CONCAT(#REF!,#REF!)
B25: Ref
A30: Team Wins/Losses This Week
A31: Team Name | B31: Wins | C31: Losses
A32: Artemis | B32: =SUMIFS(C:C,B:B,"Artemis")+SUMIFS(E:E,D:D,"Artemis") | C32: =SUMIFS(E:E,B:B,"Artemis")+SUMIFS(C:C,D:D,"Artemis")
A33: Athena | B33: =SUMIFS(C:C,B:B,"Athena")+SUMIFS(E:E,D:D,"Athena") | C33: =SUMIFS(E:E,B:B,"Athena")+SUMIFS(C:C,D:D,"Athena")
A34: Dionysus | B34: =SUMIFS(C:C,B:B,"Dionysus")+SUMIFS(E:E,D:D,"Dionysus") | C34: =SUMIFS(E:E,B:B,"Dionysus")+SUMIFS(C:C,D:D,"Dionysus")
A35: Persephone | B35: =SUMIFS(C:C,B:B,"Persephone")+SUMIFS(E:E,D:D,"Persephone") | C35: =SUMIFS(E:E,B:B,"Persephone")+SUMIFS(C:C,D:D,"Persephone")

Sheet Week 6 (2.15)
B1: Court 1
A2: Game 01 | B2: Persephone | D2: Artemis | H2: =CONCAT(B2,D2) | I2: =CONCAT(#REF!,#REF!)
B3: Ref
A4: Game 02 | B4: Athena | D4: Dionysus | H4: =CONCAT(B4,D4) | I4: =CONCAT(#REF!,#REF!)
B5: Ref
A6: Game 03 | B6: Persephone | D6: Dionysus | H6: =CONCAT(B6,D6) | I6: =CONCAT(#REF!,#REF!)
B7: Ref
A8: Game 04 | B8: Athena | D8: Artemis | H8: =CONCAT(B8,D8) | I8: =CONCAT(#REF!,#REF!)
B9: Ref
A10: Game 05 | B10: Artemis | D10: Dionysus | H10: =CONCAT(B10,D10) | I10: =CONCAT(#REF!,#REF!)
B11: Ref
A12: Game 06 | B12: Athena | D12: Persephone | H12: =CONCAT(B12,D12) | I12: =CONCAT(#REF!,#REF!)
B13: Ref
A14: Game 07 | B14: Persephone | D14: Artemis | H14: =CONCAT(B14,D14) | I14: =CONCAT(#REF!,#REF!)
B15: Ref
A16: Game 08 | B16: Athena | D16: Dionysus | H16: =CONCAT(B16,D16) | I16: =CONCAT(#REF!,#REF!) | J16: Refs: Breezy F. Baby
B17: Ref | J17: Refs: Five Finger Steph Punch
A18: Game 09 | B18: Persephone | D18: Dionysus | H18: =CONCAT(B18,D18) | I18: =CONCAT(#REF!,#REF!) | J18: Refs: Clairvoyance
B19: Ref | J19: Refs: Julia's Ghoulias
A20: Game 10 | B20: Athena | D20: Artemis | H20: =CONCAT(B20,D20) | I20: =CONCAT(#REF!,#REF!) | J20: Refs: Jo Knows
B21: Ref | J21: Refs: Lov(ie) Island
A22: Game 11 | B22: Artemis | D22: Dionysus | H22: =CONCAT(B22,D22) | I22: =CONCAT(#REF!,#REF!) | J22: Refs: Barbies and Kenzies
B23: Ref
A24: Game 12 | B24: Athena | D24: Persephone | H24: =CONCAT(B24,D24) | I24: =CONCAT(#REF!,#REF!)
B25: Ref
A30: Team Wins/Losses This Week
A31: Team Name | B31: Wins | C31: Losses
A32: Artemis | B32: =SUMIFS(C:C,B:B,"Artemis")+SUMIFS(E:E,D:D,"Artemis") | C32: =SUMIFS(E:E,B:B,"Artemis")+SUMIFS(C:C,D:D,"Artemis")
A33: Athena | B33: =SUMIFS(C:C,B:B,"Athena")+SUMIFS(E:E,D:D,"Athena") | C33: =SUMIFS(E:E,B:B,"Athena")+SUMIFS(C:C,D:D,"Athena")
A34: Dionysus | B34: =SUMIFS(C:C,B:B,"Dionysus")+SUMIFS(E:E,D:D,"Dionysus") | C34: =SUMIFS(E:E,B:B,"Dionysus")+SUMIFS(C:C,D:D,"Dionysus")
A35: Persephone | B35: =SUMIFS(C:C,B:B,"Persephone")+SUMIFS(E:E,D:D,"Persephone") | C35: =SUMIFS(E:E,B:B,"Persephone")+SUMIFS(C:C,D:D,"Persephone")

Sheet PLAYOFFS (5.21)
