Workbook

Sheet Teams
A1: Team Names | C1: Carbon Fiber | D1: Velocity Syndicate | E1: Hyperdrive | F1: High Octane | G1: Full Throttle
A2: Schedule format | B2: team-ref
A3: League | B3: Five Team Round Robin

Sheet Schedule Generator
B2: Carbon Fiber | C2: Velocity Syndicate | D2: Hyperdrive | E2: High Octane | F2: Full Throttle
A3: Carbon Fiber | B3: - | C3: 1 | D3: 1 | E3: 1 | F3: 1
A4: Velocity Syndicate | B4: 1 | C4: - | D4: 1 | E4: 1 | F4: 1
A5: Hyperdrive | B5: 1 | C5: 1 | D5: - | E5: 1 | F5: 1
A6: High Octane | B6: 1 | C6: 1 | D6: 1 | E6: - | F6: 1
A7: Full Throttle | B7: 1 | C7: 1 | D7: 1 | E7: 1 | F7: -

Sheet League Standings
A1: LEAGUE STANDINGS
A2: Team Name | B2: Points For | C2: Points Against | D2: Point Differential
A3: =INDEX(A17:A21,MATCH(ROUND(LARGE(C17:C21,1),8),C17:C21,0)) | B3: =INDEX(B17:B21,MATCH(ROUND(LARGE(C17:C21,1),8),C17:C21,0)) | C3: =INDEX(E17:E21,MATCH(ROUND(LARGE(C17:C21,1),8),C17:C21,0)) | D3: =B3-C3
A4: =INDEX(A17:A21,MATCH(ROUND(LARGE(C17:C21,2),8),C17:C21,0)) | B4: =INDEX(B17:B21,MATCH(ROUND(LARGE(C17:C21,2),8),C17:C21,0)) | C4: =INDEX(E17:E21,MATCH(ROUND(LARGE(C17:C21,2),8),C17:C21,0)) | D4: =B4-C4
A5: =INDEX(A17:A21,MATCH(ROUND(LARGE(C17:C21,3),8),C17:C21,0)) | B5: =INDEX(B17:B21,MATCH(ROUND(LARGE(C17:C21,3),8),C17:C21,0)) | C5: =INDEX(E17:E21,MATCH(ROUND(LARGE(C17:C21,3),8),C17:C21,0)) | D5: =B5-C5
A6: =INDEX(A17:A21,MATCH(ROUND(LARGE(C17:C21,4),8),C17:C21,0)) | B6: =INDEX(B17:B21,MATCH(ROUND(LARGE(C17:C21,4),8),C17:C21,0)) | C6: =INDEX(E17:E21,MATCH(ROUND(LARGE(C17:C21,4),8),C17:C21,0)) | D6: =B6-C6
A7: =INDEX(A17:A21,MATCH(ROUND(LARGE(C17:C21,5),8),C17:C21,0)) | B7: =INDEX(B17:B21,MATCH(ROUND(LARGE(C17:C21,5),8),C17:C21,0)) | C7: =INDEX(E17:E21,MATCH(ROUND(LARGE(C17:C21,5),8),C17:C21,0)) | D7: =B7-C7
A11: Week # | B11: 0
A16: Teams | B16: Wins | E16: Losses
A17: Carbon Fiber | B17: ='Week 1'!B23 | C17: =ROUND(B17+17/10000,8) | E17: ='Week 1'!C23
A18: Velocity Syndicate | B18: ='Week 1'!B24 | C18: =ROUND(B18+18/10000,8) | E18: ='Week 1'!C24
A19: Hyperdrive | B19: ='Week 1'!B25 | C19: =ROUND(B19+19/10000,8) | E19: ='Week 1'!C25
A20: High Octane | B20: ='Week 1'!B26 | C20: =ROUND(B20+20/10000,8) | E20: ='Week 1'!C26
A21: Full Throttle | B21: ='Week 1'!B27 | C21: =ROUND(B21+21/10000,8) | E21: ='Week 1'!C27

Sheet Week 1
B1: Court 1 | G1: Court 2
A2: Game 01 | B2: Full Throttle | D2: Velocity Syndicate | G2: Hyperdrive | I2: High Octane
B3: Refs: Carbon Fiber | G3: Refs: Carbon Fiber
A4: Game 02 | B4: Carbon Fiber | D4: Velocity Syndicate | G4: Hyperdrive | I4: Full Throttle
B5: Refs: High Octane | G5: Refs: High Octane
A6: Game 03 | B6: Carbon Fiber | D6: Hyperdrive | G6: High Octane | I6: Full Throttle
B7: Refs: Velocity Syndicate | G7: Refs: Velocity Syndicate
A8: Game 04 | B8: High Octane | D8: Carbon Fiber | G8: Velocity Syndicate | I8: Hyperdrive
B9: Refs: Full Throttle | G9: Refs: Full Throttle
A10: Game 05 | B10: Full Throttle | D10: Carbon Fiber | G10: Velocity Syndicate | I10: High Octane
B11: Refs: Hyperdrive | G11: Refs: Hyperdrive
A13: Balance check (home / away / refs)
A14: Team | B14: Home | C14: Away | D14: Refs
A15: Carbon Fiber | B15: 2 | C15: 2 | D15: 2
A16: Velocity Syndicate | B16: 2 | C16: 2 | D16: 2
A17: Hyperdrive | B17: 2 | C17: 2 | D17: 2
A18: High Octane | B18: 2 | C18: 2 | D18: 2
A19: Full Throttle | B19: 2 | C19: 2 | D19: 2
A21: Team Wins/Losses This Week
A22: Team Name | B22: Wins | C22: Losses
A23: Carbon Fiber | B23: =SUMIFS(C:C,B:B,"Carbon Fiber*")+SUMIFS(E:E,D:D,"Carbon Fiber*")+SUMIFS(H:H,G:G,"Carbon Fiber*")+SUMIFS(J:J,I:I,"Carbon Fiber*") | C23: =SUMIFS(E:E,B:B,"Carbon Fiber*")+SUMIFS(C:C,D:D,"Carbon Fiber*")+SUMIFS(J:J,G:G,"Carbon Fiber*")+SUMIFS(H:H,I:I,"Carbon Fiber*")
A24: Velocity Syndicate | B24: =SUMIFS(C:C,B:B,"Velocity Syndicate*")+SUMIFS(E:E,D:D,"Velocity Syndicate*")+SUMIFS(H:H,G:G,"Velocity Syndicate*")+SUMIFS(J:J,I:I,"Velocity Syndicate*") | C24: =SUMIFS(E:E,B:B,"Velocity Syndicate*")+SUMIFS(C:C,D:D,"Velocity Syndicate*")+SUMIFS(J:J,G:G,"Velocity Syndicate*")+SUMIFS(H:H,I:I,"Velocity Syndicate*")
A25: Hyperdrive | B25: =SUMIFS(C:C,B:B,"Hyperdrive")+SUMIFS(E:E,D:D,"Hyperdrive")+SUMIFS(H:H,G:G,"Hyperdrive")+SUMIFS(J:J,I:I,"Hyperdrive") | C25: =SUMIFS(E:E,B:B,"Hyperdrive")+SUMIFS(C:C,D:D,"Hyperdrive")+SUMIFS(J:J,G:G,"Hyperdrive")+SUMIFS(H:H,I:I,"Hyperdrive")
A26: High Octane | B26: =SUMIFS(C:C,B:B,"High Octane*")+SUMIFS(E:E,D:D,"High Octane*")+SUMIFS(H:H,G:G,"High Octane*")+SUMIFS(J:J,I:I,"High Octane*") | C26: =SUMIFS(E:E,B:B,"High Octane*")+SUMIFS(C:C,D:D,"High Octane*")+SUMIFS(J:J,G:G,"High Octane*")+SUMIFS(H:H,I:I,"High Octane*")
A27: Full Throttle | B27: =SUMIFS(C:C,B:B,"Full Throttle*")+SUMIFS(E:E,D:D,"Full Throttle*")+SUMIFS(H:H,G:G,"Full Throttle*")+SUMIFS(J:J,I:I,"Full Throttle*") | C27: =SUMIFS(E:E,B:B,"Full Throttle*")+SUMIFS(C:C,D:D,"Full Throttle*")+SUMIFS(J:J,G:G,"Full Throttle*")+SUMIFS(H:H,I:I,"Full Throttle*")
